ticket_id,created_at,customer_id,customer_segment,channel,product_area,issue_type,priority,status,sla_plan,initial_message,agent_first_reply,resolution_summary,resolution_time_hours,reopened,customer_sentiment,csat_score,has_attachment,platform,region
TCKT_000001,2024-01-31T05:14:27,CUST_00861,individual,email,data_export,account_access,low,resolved,standard,I cannot log in; the system says my password is incorrect.,Sorry to hear you're having trouble accessing your account. We will look into this and get back to you within the next 48 hours.,Reset account credentials and confirmed successful login.,36.53,0,very_negative,1,0,android,EU
TCKT_000002,2024-10-20T06:15:49,CUST_00770,individual,in_app,billing,security_concern,medium,closed_no_action,standard,I noticed a suspicious login on my account.,We take security very seriously. Our team is reviewing this and will follow up within 24 hours.,Ticket closed without further action after no response from the customer.,238.32,0,neutral,3,0,web,NA
TCKT_000003,2024-06-18T21:35:54,CUST_02559,small_business,chat,api_integration,bug,low,in_progress,standard,The api integration feature is not saving my changes.,Thanks for reporting this bug. We will look into this and get back to you within the next 48 hours.,,,0,neutral,3,0,android,MEA
TCKT_000004,2025-12-25T15:59:52,CUST_03557,education,chat,analytics_dashboard,account_access,medium,in_progress,standard,I cannot log in; the system says my password is incorrect.,Sorry to hear you're having trouble accessing your account. Our team is reviewing this and will follow up within 24 hours.,,,0,positive,5,1,android,LATAM
TCKT_000005,2023-08-27T16:08:33,CUST_09556,enterprise,phone_transcript,login_auth,billing_problem,low,resolved,gold,My invoice amount is incorrect compared to the plan I selected.,Thanks for reaching out about the billing issue. We will look into this and get back to you within the next 48 hours.,Adjusted the invoice and issued a refund where applicable.,61.32,0,very_negative,2,0,web,NA
TCKT_000006,2024-09-24T14:04:53,CUST_03844,education,email,mobile_app,performance,low,closed_no_action,gold,Queries in the mobile app module are timing out.,We understand performance issues can be frustrating. We will look into this and get back to you within the next 48 hours.,Ticket closed without further action after no response from the customer.,226.93,0,positive,5,0,ios,NA
TCKT_000007,2024-11-01T16:14:51,CUST_01017,education,in_app,billing,security_concern,urgent,resolved,gold,I noticed a suspicious login on my account.,We take security very seriously. This has been escalated to our on-call team for immediate attention.,"Investigated logs, mitigated the issue, and updated security settings.",4.36,0,negative,3,1,api_client,APAC
TCKT_000008,2024-11-07T06:43:26,CUST_00065,non_profit,phone_transcript,api_integration,billing_problem,low,resolved,standard,I downgraded my plan but I am still being billed for the higher tier.,Thanks for reaching out about the billing issue. We will look into this and get back to you within the next 48 hours.,Adjusted the invoice and issued a refund where applicable.,26.78,0,very_negative,0,0,web,NA
TCKT_000009,2023-08-30T23:04:26,CUST_05893,small_business,phone_transcript,billing,billing_problem,high,resolved,platinum,I was charged twice for my subscription this month.,Thanks for reaching out about the billing issue. We are prioritizing this and will update you as soon as possible.,Adjusted the invoice and issued a refund where applicable.,20.55,0,negative,0,0,desktop_app,APAC
TCKT_000010,2023-04-26T19:33:56,CUST_02732,education,phone_transcript,login_auth,performance,medium,resolved,standard,Overall performance has degraded in the last few days.,We understand performance issues can be frustrating. Our team is reviewing this and will follow up within 24 hours.,Optimized queries and increased resource allocation.,9.26,0,neutral,4,0,android,APAC
TCKT_000011,2023-04-02T12:27:06,CUST_04489,individual,in_app,data_export,feature_request,medium,in_progress,standard,Our team needs more advanced options for data export.,Thanks for your feature suggestion. Our team is reviewing this and will follow up within 24 hours.,,,0,neutral,3,0,android,EU
TCKT_000012,2022-03-07T10:37:17,CUST_07575,education,web_form,mobile_app,billing_problem,medium,resolved,standard,I downgraded my plan but I am still being billed for the higher tier.,Thanks for reaching out about the billing issue. Our team is reviewing this and will follow up within 24 hours.,Adjusted the invoice and issued a refund where applicable.,45.49,0,negative,3,0,ios,NA
TCKT_000013,2023-02-22T18:04:40,CUST_02694,small_business,email,notifications,performance,medium,in_progress,standard,Overall performance has degraded in the last few days.,We understand performance issues can be frustrating. Our team is reviewing this and will follow up within 24 hours.,,,0,positive,4,0,ios,NA
TCKT_000014,2024-03-21T08:57:04,CUST_01307,small_business,in_app,data_export,performance,medium,resolved,gold,The data export page is very slow and takes a long time to load.,We understand performance issues can be frustrating. Our team is reviewing this and will follow up within 24 hours.,Optimized queries and increased resource allocation.,4.31,0,negative,2,0,desktop_app,LATAM
TCKT_000015,2025-06-15T10:10:31,CUST_01999,education,chat,mobile_app,feature_request,low,in_progress,standard,It would be great to have mobile app support in your product.,Thanks for your feature suggestion. We will look into this and get back to you within the next 48 hours.,,,0,neutral,0,1,api_client,MEA
TCKT_000016,2023-03-14T15:54:14,CUST_07555,enterprise,in_app,analytics_dashboard,security_concern,low,in_progress,standard,We need details about your data encryption and compliance.,We take security very seriously. We will look into this and get back to you within the next 48 hours.,,,1,neutral,4,0,android,EU
TCKT_000017,2023-04-10T20:35:12,CUST_05250,non_profit,web_form,billing,bug,medium,resolved,standard,The page keeps crashing whenever I try to open the billing section.,Thanks for reporting this bug. Our team is reviewing this and will follow up within 24 hours.,Patched the bug and deployed a fix to production.,30.08,0,very_negative,1,0,android,EU
TCKT_000018,2022-12-30T04:11:31,CUST_07778,education,in_app,billing,security_concern,medium,resolved,standard,We need details about your data encryption and compliance.,We take security very seriously. Our team is reviewing this and will follow up within 24 hours.,"Investigated logs, mitigated the issue, and updated security settings.",40.75,1,negative,0,0,api_client,LATAM
TCKT_000019,2024-11-25T13:01:46,CUST_06547,non_profit,phone_transcript,api_integration,bug,medium,resolved,standard,The api integration feature is not saving my changes.,Thanks for reporting this bug. Our team is reviewing this and will follow up within 24 hours.,Patched the bug and deployed a fix to production.,8.23,0,very_positive,5,0,web,MEA
TCKT_000020,2024-08-24T08:57:46,CUST_08156,enterprise,phone_transcript,billing,account_access,medium,in_progress,standard,My 2FA code is not working when I try to sign in.,Sorry to hear you're having trouble accessing your account. Our team is reviewing this and will follow up within 24 hours.,,,0,neutral,0,0,android,LATAM
TCKT_000021,2024-04-06T23:23:31,CUST_02050,individual,phone_transcript,api_integration,feature_request,urgent,closed_no_action,standard,Our team needs more advanced options for api integration.,Thanks for your feature suggestion. This has been escalated to our on-call team for immediate attention.,Ticket closed without further action after no response from the customer.,214.65,0,negative,0,0,web,APAC
TCKT_000022,2023-09-18T01:42:43,CUST_06296,non_profit,in_app,login_auth,feature_request,medium,resolved,gold,Can you add an option to customize login auth?,Thanks for your feature suggestion. Our team is reviewing this and will follow up within 24 hours.,Captured the request and added it to the product backlog.,45.17,1,positive,5,1,android,MEA
TCKT_000023,2022-12-27T11:41:22,CUST_02201,non_profit,email,api_integration,performance,low,in_progress,standard,Overall performance has degraded in the last few days.,We understand performance issues can be frustrating. We will look into this and get back to you within the next 48 hours.,,,0,neutral,3,1,web,NA
TCKT_000024,2025-06-03T21:37:17,CUST_09493,enterprise,phone_transcript,login_auth,bug,low,on_hold,gold,The page keeps crashing whenever I try to open the login auth section.,Thanks for reporting this bug. We will look into this and get back to you within the next 48 hours.,,,0,positive,5,0,api_client,NA
TCKT_000025,2024-01-26T17:08:06,CUST_01046,individual,web_form,notifications,how_to,low,closed_no_action,standard,Can you explain how to configure notifications properly?,Happy to help with your question. We will look into this and get back to you within the next 48 hours.,Ticket closed without further action after no response from the customer.,216.68,0,positive,5,0,android,EU
TCKT_000026,2024-10-11T23:06:08,CUST_07997,education,in_app,login_auth,account_access,medium,resolved,gold,My account was locked after multiple failed login attempts.,Sorry to hear you're having trouble accessing your account. Our team is reviewing this and will follow up within 24 hours.,Reset account credentials and confirmed successful login.,5.92,0,very_positive,5,0,api_client,LATAM
TCKT_000027,2025-12-11T01:06:03,CUST_01061,small_business,in_app,notifications,billing_problem,high,resolved,platinum,I downgraded my plan but I am still being billed for the higher tier.,Thanks for reaching out about the billing issue. We are prioritizing this and will update you as soon as possible.,Adjusted the invoice and issued a refund where applicable.,23.16,0,positive,0,0,ios,LATAM
TCKT_000028,2022-08-08T19:39:43,CUST_03395,enterprise,web_form,api_integration,other,low,resolved,platinum,I have a general question about my account.,Thanks for contacting support. We will look into this and get back to you within the next 48 hours.,Provided general guidance and confirmed the issue was resolved.,52.55,0,neutral,0,0,android,EU
TCKT_000029,2024-01-20T19:55:45,CUST_07807,individual,phone_transcript,billing,billing_problem,medium,resolved,gold,I downgraded my plan but I am still being billed for the higher tier.,Thanks for reaching out about the billing issue. Our team is reviewing this and will follow up within 24 hours.,Adjusted the invoice and issued a refund where applicable.,34.67,0,neutral,3,0,android,NA
TCKT_000030,2022-11-05T13:10:09,CUST_08717,individual,email,login_auth,how_to,low,open,gold,How can I export my data from the login auth section?,Happy to help with your question. We will look into this and get back to you within the next 48 hours.,,,0,negative,0,1,ios,NA
TCKT_000031,2023-08-01T11:48:02,CUST_06615,non_profit,chat,mobile_app,other,low,resolved,standard,I have a general question about my account.,Thanks for contacting support. We will look into this and get back to you within the next 48 hours.,Provided general guidance and confirmed the issue was resolved.,51.01,0,neutral,0,0,api_client,EU
TCKT_000032,2024-04-07T21:44:25,CUST_07510,non_profit,in_app,analytics_dashboard,billing_problem,low,open,standard,My invoice amount is incorrect compared to the plan I selected.,Thanks for reaching out about the billing issue. We will look into this and get back to you within the next 48 hours.,,,0,negative,3,1,desktop_app,EU
TCKT_000033,2025-12-19T13:56:20,CUST_05223,individual,email,data_export,security_concern,low,open,standard,We need details about your data encryption and compliance.,We take security very seriously. We will look into this and get back to you within the next 48 hours.,,,0,negative,3,0,desktop_app,LATAM
TCKT_000034,2025-09-08T21:43:05,CUST_01694,education,email,data_export,how_to,low,on_hold,standard,How can I export my data from the data export section?,Happy to help with your question. We will look into this and get back to you within the next 48 hours.,,,0,positive,0,1,desktop_app,APAC
TCKT_000035,2025-01-01T19:56:46,CUST_07561,individual,chat,login_auth,billing_problem,medium,open,platinum,I downgraded my plan but I am still being billed for the higher tier.,Thanks for reaching out about the billing issue. Our team is reviewing this and will follow up within 24 hours.,,,0,negative,0,1,desktop_app,EU
TCKT_000036,2025-11-10T23:34:04,CUST_03344,education,chat,mobile_app,other,medium,resolved,standard,I have a general question about my account.,Thanks for contacting support. Our team is reviewing this and will follow up within 24 hours.,Provided general guidance and confirmed the issue was resolved.,36.12,0,very_negative,1,1,web,LATAM
TCKT_000037,2025-01-14T15:57:01,CUST_09436,non_profit,email,billing,bug,low,open,gold,The page keeps crashing whenever I try to open the billing section.,Thanks for reporting this bug. We will look into this and get back to you within the next 48 hours.,,,0,positive,5,0,android,EU
TCKT_000038,2022-05-07T23:25:23,CUST_07422,education,web_form,analytics_dashboard,billing_problem,medium,on_hold,gold,My invoice amount is incorrect compared to the plan I selected.,Thanks for reaching out about the billing issue. Our team is reviewing this and will follow up within 24 hours.,,,0,neutral,0,0,web,EU
TCKT_000039,2022-06-05T21:42:17,CUST_09824,education,email,analytics_dashboard,account_access,high,resolved,standard,My 2FA code is not working when I try to sign in.,Sorry to hear you're having trouble accessing your account. We are prioritizing this and will update you as soon as possible.,Reset account credentials and confirmed successful login.,2.62,0,neutral,0,0,ios,LATAM
TCKT_000040,2023-10-07T22:47:51,CUST_06834,non_profit,web_form,login_auth,billing_problem,medium,in_progress,gold,My invoice amount is incorrect compared to the plan I selected.,Thanks for reaching out about the billing issue. Our team is reviewing this and will follow up within 24 hours.,,,0,neutral,3,0,android,NA
TCKT_000041,2023-02-17T03:42:35,CUST_04381,non_profit,in_app,billing,performance,low,in_progress,standard,The billing page is very slow and takes a long time to load.,We understand performance issues can be frustrating. We will look into this and get back to you within the next 48 hours.,,,0,very_negative,1,0,web,MEA
TCKT_000042,2025-06-14T20:02:17,CUST_09818,education,in_app,notifications,feature_request,low,in_progress,standard,It would be great to have notifications support in your product.,Thanks for your feature suggestion. We will look into this and get back to you within the next 48 hours.,,,0,positive,4,0,api_client,NA
TCKT_000043,2025-01-10T02:31:48,CUST_07165,small_business,email,api_integration,how_to,low,in_progress,gold,Can you explain how to configure api integration properly?,Happy to help with your question. We will look into this and get back to you within the next 48 hours.,,,0,positive,5,0,android,LATAM
TCKT_000044,2024-06-15T23:21:03,CUST_09880,individual,in_app,login_auth,bug,high,resolved,standard,The login auth feature is not saving my changes.,Thanks for reporting this bug. We are prioritizing this and will update you as soon as possible.,Patched the bug and deployed a fix to production.,16.64,0,positive,0,0,web,LATAM
TCKT_000045,2025-10-14T12:02:27,CUST_00729,non_profit,in_app,api_integration,performance,low,resolved,standard,Overall performance has degraded in the last few days.,We understand performance issues can be frustrating. We will look into this and get back to you within the next 48 hours.,Optimized queries and increased resource allocation.,8.69,0,positive,0,0,android,APAC
TCKT_000046,2023-10-14T13:26:23,CUST_04947,small_business,phone_transcript,analytics_dashboard,feature_request,medium,open,standard,Our team needs more advanced options for analytics dashboard.,Thanks for your feature suggestion. Our team is reviewing this and will follow up within 24 hours.,,,0,positive,4,0,ios,LATAM
TCKT_000047,2023-02-20T23:35:20,CUST_01063,enterprise,email,billing,other,low,resolved,standard,I need help but I'm not sure which category this fits in.,Thanks for contacting support. We will look into this and get back to you within the next 48 hours.,Provided general guidance and confirmed the issue was resolved.,43.17,0,neutral,3,0,api_client,NA
TCKT_000048,2022-01-27T08:19:20,CUST_07242,individual,in_app,login_auth,account_access,high,resolved,gold,I cannot log in; the system says my password is incorrect.,Sorry to hear you're having trouble accessing your account. We are prioritizing this and will update you as soon as possible.,Reset account credentials and confirmed successful login.,10.8,0,very_negative,1,1,ios,NA
TCKT_000049,2025-01-15T09:55:48,CUST_05542,small_business,phone_transcript,mobile_app,feature_request,urgent,on_hold,standard,Can you add an option to customize mobile app?,Thanks for your feature suggestion. This has been escalated to our on-call team for immediate attention.,,,0,positive,4,0,api_client,APAC
TCKT_000050,2024-10-25T01:38:03,CUST_03487,non_profit,in_app,billing,account_access,medium,on_hold,gold,My account was locked after multiple failed login attempts.,Sorry to hear you're having trouble accessing your account. Our team is reviewing this and will follow up within 24 hours.,,,0,very_negative,2,1,web,EU
TCKT_000051,2023-03-23T01:14:37,CUST_09274,enterprise,email,billing,feature_request,medium,resolved,gold,Can you add an option to customize billing?,Thanks for your feature suggestion. Our team is reviewing this and will follow up within 24 hours.,Captured the request and added it to the product backlog.,36.75,0,positive,0,0,ios,MEA
TCKT_000052,2024-10-10T15:47:36,CUST_00824,small_business,phone_transcript,login_auth,account_access,medium,resolved,gold,My account was locked after multiple failed login attempts.,Sorry to hear you're having trouble accessing your account. Our team is reviewing this and will follow up within 24 hours.,Reset account credentials and confirmed successful login.,47.03,0,negative,3,0,desktop_app,APAC
TCKT_000053,2023-07-16T13:19:32,CUST_09443,individual,email,data_export,security_concern,medium,open,standard,We need details about your data encryption and compliance.,We take security very seriously. Our team is reviewing this and will follow up within 24 hours.,,,0,very_negative,0,0,web,NA
TCKT_000054,2023-04-03T10:12:18,CUST_02704,enterprise,chat,data_export,account_access,medium,closed_no_action,platinum,I cannot log in; the system says my password is incorrect.,Sorry to hear you're having trouble accessing your account. Our team is reviewing this and will follow up within 24 hours.,Ticket closed without further action after no response from the customer.,36.5,0,negative,0,1,desktop_app,MEA
TCKT_000055,2024-12-22T02:06:27,CUST_03720,education,in_app,billing,how_to,low,resolved,standard,How can I export my data from the billing section?,Happy to help with your question. We will look into this and get back to you within the next 48 hours.,Provided step-by-step instructions and relevant documentation.,70.36,0,very_positive,5,0,android,MEA
TCKT_000056,2022-03-06T09:01:07,CUST_02780,individual,phone_transcript,api_integration,feature_request,low,in_progress,standard,Can you add an option to customize api integration?,Thanks for your feature suggestion. We will look into this and get back to you within the next 48 hours.,,,0,very_positive,5,0,android,NA
TCKT_000057,2024-10-03T13:18:01,CUST_02872,enterprise,phone_transcript,notifications,bug,high,resolved,standard,I am seeing an error message when I click on notifications.,Thanks for reporting this bug. We are prioritizing this and will update you as soon as possible.,Patched the bug and deployed a fix to production.,10.46,0,positive,4,0,android,EU
TCKT_000058,2022-10-20T20:04:14,CUST_03926,individual,phone_transcript,notifications,security_concern,high,resolved,standard,There seems to be a vulnerability in the notifications functionality.,We take security very seriously. We are prioritizing this and will update you as soon as possible.,"Investigated logs, mitigated the issue, and updated security settings.",1.85,0,very_negative,0,0,android,EU
TCKT_000059,2022-06-03T21:59:32,CUST_09861,small_business,chat,analytics_dashboard,bug,urgent,resolved,gold,The page keeps crashing whenever I try to open the analytics dashboard section.,Thanks for reporting this bug. This has been escalated to our on-call team for immediate attention.,Patched the bug and deployed a fix to production.,7.56,0,positive,0,1,ios,LATAM
TCKT_000060,2024-04-02T18:08:50,CUST_04781,small_business,phone_transcript,login_auth,how_to,medium,in_progress,gold,I need help setting up login auth for my team.,Happy to help with your question. Our team is reviewing this and will follow up within 24 hours.,,,1,positive,5,0,web,LATAM
TCKT_000061,2023-01-06T20:57:25,CUST_00771,small_business,chat,notifications,other,medium,resolved,standard,"Something seems off, can you please check my workspace?",Thanks for contacting support. Our team is reviewing this and will follow up within 24 hours.,Provided general guidance and confirmed the issue was resolved.,28.68,0,positive,5,0,ios,EU
TCKT_000062,2022-06-19T22:08:36,CUST_06997,small_business,email,data_export,billing_problem,medium,resolved,platinum,My invoice amount is incorrect compared to the plan I selected.,Thanks for reaching out about the billing issue. Our team is reviewing this and will follow up within 24 hours.,Adjusted the invoice and issued a refund where applicable.,31.16,0,very_positive,5,0,ios,APAC
TCKT_000063,2025-11-17T20:18:58,CUST_01332,individual,phone_transcript,mobile_app,security_concern,medium,resolved,platinum,There seems to be a vulnerability in the mobile app functionality.,We take security very seriously. Our team is reviewing this and will follow up within 24 hours.,"Investigated logs, mitigated the issue, and updated security settings.",17.11,0,negative,2,0,api_client,APAC
TCKT_000064,2025-03-07T13:04:09,CUST_02833,individual,email,mobile_app,feature_request,low,resolved,platinum,Our team needs more advanced options for mobile app.,Thanks for your feature suggestion. We will look into this and get back to you within the next 48 hours.,Captured the request and added it to the product backlog.,39.53,0,neutral,4,0,ios,NA
TCKT_000065,2025-01-29T09:42:46,CUST_07351,individual,in_app,analytics_dashboard,performance,medium,resolved,gold,Queries in the analytics dashboard module are timing out.,We understand performance issues can be frustrating. Our team is reviewing this and will follow up within 24 hours.,Optimized queries and increased resource allocation.,11.92,0,neutral,4,0,ios,LATAM
TCKT_000066,2024-03-09T20:06:09,CUST_06778,non_profit,in_app,billing,security_concern,low,resolved,standard,There seems to be a vulnerability in the billing functionality.,We take security very seriously. We will look into this and get back to you within the next 48 hours.,"Investigated logs, mitigated the issue, and updated security settings.",30.25,0,very_negative,1,1,android,APAC
TCKT_000067,2024-10-17T01:08:49,CUST_09946,individual,web_form,billing,billing_problem,medium,open,gold,My invoice amount is incorrect compared to the plan I selected.,Thanks for reaching out about the billing issue. Our team is reviewing this and will follow up within 24 hours.,,,0,neutral,0,0,desktop_app,NA
TCKT_000068,2022-05-09T23:59:12,CUST_01277,enterprise,in_app,mobile_app,how_to,urgent,resolved,platinum,Can you explain how to configure mobile app properly?,Happy to help with your question. This has been escalated to our on-call team for immediate attention.,Provided step-by-step instructions and relevant documentation.,1.97,0,positive,5,1,ios,MEA
TCKT_000069,2022-05-02T03:23:35,CUST_05127,enterprise,web_form,mobile_app,security_concern,medium,resolved,gold,There seems to be a vulnerability in the mobile app functionality.,We take security very seriously. Our team is reviewing this and will follow up within 24 hours.,"Investigated logs, mitigated the issue, and updated security settings.",5.34,0,positive,4,0,ios,MEA
TCKT_000070,2022-04-24T13:06:44,CUST_08906,small_business,chat,analytics_dashboard,security_concern,medium,resolved,standard,There seems to be a vulnerability in the analytics dashboard functionality.,We take security very seriously. Our team is reviewing this and will follow up within 24 hours.,"Investigated logs, mitigated the issue, and updated security settings.",27.55,0,very_negative,1,0,android,MEA
TCKT_000071,2023-06-23T11:12:17,CUST_06372,non_profit,phone_transcript,analytics_dashboard,bug,medium,resolved,gold,I am seeing an error message when I click on analytics dashboard.,Thanks for reporting this bug. Our team is reviewing this and will follow up within 24 hours.,Patched the bug and deployed a fix to production.,22.99,0,negative,0,0,ios,EU
TCKT_000072,2023-02-16T12:24:01,CUST_00877,education,in_app,api_integration,performance,low,closed_no_action,standard,Overall performance has degraded in the last few days.,We understand performance issues can be frustrating. We will look into this and get back to you within the next 48 hours.,Ticket closed without further action after no response from the customer.,72.67,0,negative,3,0,desktop_app,LATAM
TCKT_000073,2024-05-01T05:15:10,CUST_03736,small_business,in_app,analytics_dashboard,feature_request,high,open,standard,Our team needs more advanced options for analytics dashboard.,Thanks for your feature suggestion. We are prioritizing this and will update you as soon as possible.,,,0,neutral,3,0,web,APAC
TCKT_000074,2023-07-09T01:13:46,CUST_08196,non_profit,in_app,mobile_app,how_to,low,closed_no_action,standard,How can I export my data from the mobile app section?,Happy to help with your question. We will look into this and get back to you within the next 48 hours.,Ticket closed without further action after no response from the customer.,180.15,0,positive,4,0,ios,EU
TCKT_000075,2024-08-26T23:58:35,CUST_06470,small_business,chat,billing,bug,urgent,resolved,standard,The page keeps crashing whenever I try to open the billing section.,Thanks for reporting this bug. This has been escalated to our on-call team for immediate attention.,Patched the bug and deployed a fix to production.,5.92,0,neutral,4,0,desktop_app,MEA
TCKT_000076,2025-12-30T15:04:42,CUST_06989,individual,web_form,analytics_dashboard,billing_problem,medium,open,standard,I downgraded my plan but I am still being billed for the higher tier.,Thanks for reaching out about the billing issue. Our team is reviewing this and will follow up within 24 hours.,,,0,very_negative,0,0,desktop_app,LATAM
TCKT_000077,2025-11-23T22:17:37,CUST_01620,education,chat,login_auth,bug,low,resolved,gold,The page keeps crashing whenever I try to open the login auth section.,Thanks for reporting this bug. We will look into this and get back to you within the next 48 hours.,Patched the bug and deployed a fix to production.,46.12,0,neutral,4,0,desktop_app,EU
TCKT_000078,2025-09-15T08:07:23,CUST_00236,small_business,in_app,analytics_dashboard,bug,medium,closed_no_action,platinum,The analytics dashboard feature is not saving my changes.,Thanks for reporting this bug. Our team is reviewing this and will follow up within 24 hours.,Ticket closed without further action after no response from the customer.,68.28,0,neutral,4,0,android,NA
TCKT_000079,2024-01-05T08:07:35,CUST_09065,education,chat,notifications,other,high,resolved,gold,I need help but I'm not sure which category this fits in.,Thanks for contacting support. We are prioritizing this and will update you as soon as possible.,Provided general guidance and confirmed the issue was resolved.,5.29,0,negative,3,0,api_client,MEA
TCKT_000080,2024-05-17T04:49:28,CUST_09511,non_profit,phone_transcript,notifications,other,medium,resolved,gold,I need help but I'm not sure which category this fits in.,Thanks for contacting support. Our team is reviewing this and will follow up within 24 hours.,Provided general guidance and confirmed the issue was resolved.,27.75,0,neutral,3,0,api_client,LATAM
TCKT_000081,2023-09-04T13:53:17,CUST_03688,non_profit,web_form,login_auth,other,low,resolved,standard,"Something seems off, can you please check my workspace?",Thanks for contacting support. We will look into this and get back to you within the next 48 hours.,Provided general guidance and confirmed the issue was resolved.,29.3,0,positive,5,0,ios,EU
TCKT_000082,2022-04-20T21:56:03,CUST_08670,enterprise,in_app,analytics_dashboard,billing_problem,high,resolved,standard,My invoice amount is incorrect compared to the plan I selected.,Thanks for reaching out about the billing issue. We are prioritizing this and will update you as soon as possible.,Adjusted the invoice and issued a refund where applicable.,8.17,0,very_negative,2,0,desktop_app,NA
TCKT_000083,2025-06-08T06:19:48,CUST_01866,enterprise,chat,mobile_app,performance,low,resolved,standard,Overall performance has degraded in the last few days.,We understand performance issues can be frustrating. We will look into this and get back to you within the next 48 hours.,Optimized queries and increased resource allocation.,62.17,0,very_negative,1,0,api_client,NA
TCKT_000084,2022-05-15T11:23:47,CUST_02892,small_business,chat,login_auth,security_concern,high,open,standard,There seems to be a vulnerability in the login auth functionality.,We take security very seriously. We are prioritizing this and will update you as soon as possible.,,,0,negative,2,1,android,EU
TCKT_000085,2022-04-20T09:22:17,CUST_06167,individual,web_form,analytics_dashboard,performance,medium,closed_no_action,standard,Queries in the analytics dashboard module are timing out.,We understand performance issues can be frustrating. Our team is reviewing this and will follow up within 24 hours.,Ticket closed without further action after no response from the customer.,150.63,0,negative,2,0,desktop_app,LATAM
TCKT_000086,2023-02-25T16:20:59,CUST_04452,individual,chat,notifications,security_concern,high,resolved,standard,We need details about your data encryption and compliance.,We take security very seriously. We are prioritizing this and will update you as soon as possible.,"Investigated logs, mitigated the issue, and updated security settings.",15.98,0,neutral,3,0,api_client,NA
TCKT_000087,2025-10-29T16:53:59,CUST_03369,non_profit,web_form,analytics_dashboard,bug,high,resolved,standard,I am seeing an error message when I click on analytics dashboard.,Thanks for reporting this bug. We are prioritizing this and will update you as soon as possible.,Patched the bug and deployed a fix to production.,23.65,0,positive,0,0,ios,LATAM
TCKT_000088,2024-07-25T10:40:54,CUST_06515,education,in_app,data_export,billing_problem,medium,on_hold,standard,My invoice amount is incorrect compared to the plan I selected.,Thanks for reaching out about the billing issue. Our team is reviewing this and will follow up within 24 hours.,,,0,negative,2,1,android,APAC
TCKT_000089,2023-02-15T08:06:11,CUST_00537,education,web_form,billing,security_concern,high,closed_no_action,standard,We need details about your data encryption and compliance.,We take security very seriously. We are prioritizing this and will update you as soon as possible.,Ticket closed without further action after no response from the customer.,127.86,0,positive,4,1,desktop_app,EU
TCKT_000090,2024-09-28T00:21:43,CUST_01991,education,chat,api_integration,bug,low,open,standard,I am seeing an error message when I click on api integration.,Thanks for reporting this bug. We will look into this and get back to you within the next 48 hours.,,,0,positive,0,1,api_client,MEA
TCKT_000091,2024-01-25T06:54:40,CUST_00967,individual,email,data_export,security_concern,urgent,resolved,standard,I noticed a suspicious login on my account.,We take security very seriously. This has been escalated to our on-call team for immediate attention.,"Investigated logs, mitigated the issue, and updated security settings.",6.9,0,negative,0,0,desktop_app,EU
TCKT_000092,2025-01-14T10:33:01,CUST_02483,individual,phone_transcript,analytics_dashboard,performance,low,resolved,standard,The analytics dashboard page is very slow and takes a long time to load.,We understand performance issues can be frustrating. We will look into this and get back to you within the next 48 hours.,Optimized queries and increased resource allocation.,20.2,0,very_negative,2,0,desktop_app,APAC
TCKT_000093,2025-08-13T06:21:38,CUST_06646,enterprise,web_form,mobile_app,security_concern,medium,resolved,standard,We need details about your data encryption and compliance.,We take security very seriously. Our team is reviewing this and will follow up within 24 hours.,"Investigated logs, mitigated the issue, and updated security settings.",10.83,0,very_negative,1,0,web,LATAM
TCKT_000094,2025-01-20T00:31:14,CUST_06306,individual,in_app,billing,performance,medium,open,standard,The billing page is very slow and takes a long time to load.,We understand performance issues can be frustrating. Our team is reviewing this and will follow up within 24 hours.,,,0,neutral,3,0,web,NA
TCKT_000095,2023-03-05T03:49:42,CUST_08520,individual,chat,login_auth,bug,low,resolved,standard,The login auth feature is not saving my changes.,Thanks for reporting this bug. We will look into this and get back to you within the next 48 hours.,Patched the bug and deployed a fix to production.,49.78,0,negative,0,0,android,EU
TCKT_000096,2023-08-17T20:41:27,CUST_02539,small_business,web_form,data_export,how_to,urgent,closed_no_action,standard,Can you explain how to configure data export properly?,Happy to help with your question. This has been escalated to our on-call team for immediate attention.,Ticket closed without further action after no response from the customer.,111.78,0,neutral,0,0,android,LATAM
TCKT_000097,2022-08-06T15:16:36,CUST_04243,enterprise,phone_transcript,login_auth,how_to,low,resolved,gold,How can I export my data from the login auth section?,Happy to help with your question. We will look into this and get back to you within the next 48 hours.,Provided step-by-step instructions and relevant documentation.,53.05,0,very_positive,5,0,ios,NA
TCKT_000098,2024-08-17T20:46:58,CUST_04567,non_profit,email,mobile_app,security_concern,low,resolved,standard,We need details about your data encryption and compliance.,We take security very seriously. We will look into this and get back to you within the next 48 hours.,"Investigated logs, mitigated the issue, and updated security settings.",57.53,0,negative,2,0,android,NA
TCKT_000099,2024-01-22T06:43:35,CUST_02680,non_profit,chat,billing,account_access,urgent,resolved,standard,My account was locked after multiple failed login attempts.,Sorry to hear you're having trouble accessing your account. This has been escalated to our on-call team for immediate attention.,Reset account credentials and confirmed successful login.,3.93,0,negative,3,0,api_client,NA
TCKT_000100,2023-12-15T15:27:49,CUST_01302,non_profit,email,mobile_app,security_concern,high,closed_no_action,standard,There seems to be a vulnerability in the mobile app functionality.,We take security very seriously. We are prioritizing this and will update you as soon as possible.,Ticket closed without further action after no response from the customer.,61.08,0,negative,0,1,ios,NA
TCKT_000101,2023-11-28T18:18:11,CUST_08233,non_profit,phone_transcript,billing,security_concern,low,resolved,gold,We need details about your data encryption and compliance.,We take security very seriously. We will look into this and get back to you within the next 48 hours.,"Investigated logs, mitigated the issue, and updated security settings.",61.1,0,very_negative,0,0,web,LATAM
TCKT_000102,2023-10-30T20:04:42,CUST_04264,enterprise,web_form,data_export,feature_request,low,resolved,standard,Can you add an option to customize data export?,Thanks for your feature suggestion. We will look into this and get back to you within the next 48 hours.,Captured the request and added it to the product backlog.,44.69,0,positive,5,1,android,MEA
TCKT_000103,2023-05-14T18:16:27,CUST_05942,enterprise,in_app,notifications,other,medium,open,gold,"Something seems off, can you please check my workspace?",Thanks for contacting support. Our team is reviewing this and will follow up within 24 hours.,,,0,negative,3,0,desktop_app,MEA
TCKT_000104,2022-05-19T08:05:14,CUST_09443,enterprise,phone_transcript,notifications,billing_problem,high,on_hold,platinum,I was charged twice for my subscription this month.,Thanks for reaching out about the billing issue. We are prioritizing this and will update you as soon as possible.,,,1,very_negative,2,0,ios,LATAM
TCKT_000105,2022-03-08T00:16:34,CUST_07102,small_business,web_form,api_integration,security_concern,urgent,in_progress,gold,We need details about your data encryption and compliance.,We take security very seriously. This has been escalated to our on-call team for immediate attention.,,,0,negative,3,0,web,LATAM
TCKT_000106,2022-02-14T20:35:54,CUST_01640,enterprise,chat,analytics_dashboard,billing_problem,medium,in_progress,gold,My invoice amount is incorrect compared to the plan I selected.,Thanks for reaching out about the billing issue. Our team is reviewing this and will follow up within 24 hours.,,,1,neutral,4,1,ios,APAC
TCKT_000107,2022-04-15T05:17:24,CUST_04091,enterprise,in_app,data_export,account_access,urgent,resolved,gold,My account was locked after multiple failed login attempts.,Sorry to hear you're having trouble accessing your account. This has been escalated to our on-call team for immediate attention.,Reset account credentials and confirmed successful login.,4.22,0,very_negative,1,0,web,MEA
TCKT_000108,2022-05-06T22:25:26,CUST_05605,small_business,email,login_auth,security_concern,medium,resolved,standard,We need details about your data encryption and compliance.,We take security very seriously. Our team is reviewing this and will follow up within 24 hours.,"Investigated logs, mitigated the issue, and updated security settings.",25.53,0,very_negative,1,1,api_client,EU
TCKT_000109,2025-07-04T17:21:19,CUST_04807,education,web_form,analytics_dashboard,bug,urgent,resolved,standard,The page keeps crashing whenever I try to open the analytics dashboard section.,Thanks for reporting this bug. This has been escalated to our on-call team for immediate attention.,Patched the bug and deployed a fix to production.,2.57,0,negative,2,0,ios,EU
TCKT_000110,2022-12-03T08:44:06,CUST_01501,education,chat,mobile_app,performance,medium,resolved,gold,Overall performance has degraded in the last few days.,We understand performance issues can be frustrating. Our team is reviewing this and will follow up within 24 hours.,Optimized queries and increased resource allocation.,18.04,0,neutral,0,1,api_client,MEA
TCKT_000111,2025-08-26T01:47:39,CUST_07981,enterprise,web_form,data_export,performance,low,resolved,standard,Overall performance has degraded in the last few days.,We understand performance issues can be frustrating. We will look into this and get back to you within the next 48 hours.,Optimized queries and increased resource allocation.,54.39,0,very_negative,1,0,desktop_app,APAC
TCKT_000112,2024-08-07T18:03:56,CUST_08685,enterprise,phone_transcript,login_auth,how_to,medium,in_progress,standard,Can you explain how to configure login auth properly?,Happy to help with your question. Our team is reviewing this and will follow up within 24 hours.,,,0,very_positive,0,0,android,APAC
TCKT_000113,2022-03-19T22:20:15,CUST_03811,individual,in_app,notifications,feature_request,low,open,standard,It would be great to have notifications support in your product.,Thanks for your feature suggestion. We will look into this and get back to you within the next 48 hours.,,,0,negative,0,0,android,LATAM
TCKT_000114,2024-12-14T01:33:31,CUST_09455,enterprise,in_app,notifications,account_access,low,open,standard,I cannot log in; the system says my password is incorrect.,Sorry to hear you're having trouble accessing your account. We will look into this and get back to you within the next 48 hours.,,,0,negative,2,0,android,APAC
TCKT_000115,2022-10-25T17:08:45,CUST_02034,small_business,phone_transcript,login_auth,account_access,low,in_progress,standard,I cannot log in; the system says my password is incorrect.,Sorry to hear you're having trouble accessing your account. We will look into this and get back to you within the next 48 hours.,,,0,very_negative,1,0,api_client,EU
TCKT_000116,2024-07-29T07:18:18,CUST_01829,enterprise,email,billing,account_access,high,open,standard,My account was locked after multiple failed login attempts.,Sorry to hear you're having trouble accessing your account. We are prioritizing this and will update you as soon as possible.,,,0,positive,4,0,android,LATAM
TCKT_000117,2025-05-08T00:18:14,CUST_05691,individual,email,api_integration,account_access,medium,resolved,standard,My 2FA code is not working when I try to sign in.,Sorry to hear you're having trouble accessing your account. Our team is reviewing this and will follow up within 24 hours.,Reset account credentials and confirmed successful login.,40.55,0,very_negative,0,1,desktop_app,LATAM
TCKT_000118,2024-09-09T18:50:33,CUST_06403,enterprise,chat,billing,account_access,high,resolved,gold,My 2FA code is not working when I try to sign in.,Sorry to hear you're having trouble accessing your account. We are prioritizing this and will update you as soon as possible.,Reset account credentials and confirmed successful login.,5.98,0,negative,2,0,web,NA
TCKT_000119,2023-02-14T12:53:05,CUST_09042,education,web_form,billing,bug,medium,in_progress,gold,The page keeps crashing whenever I try to open the billing section.,Thanks for reporting this bug. Our team is reviewing this and will follow up within 24 hours.,,,0,negative,0,0,android,MEA
TCKT_000120,2024-05-24T05:09:33,CUST_01381,enterprise,email,login_auth,how_to,low,resolved,standard,Can you explain how to configure login auth properly?,Happy to help with your question. We will look into this and get back to you within the next 48 hours.,Provided step-by-step instructions and relevant documentation.,16.29,0,very_positive,5,0,desktop_app,MEA
TCKT_000121,2025-06-13T15:11:20,CUST_09611,non_profit,in_app,login_auth,security_concern,low,resolved,standard,We need details about your data encryption and compliance.,We take security very seriously. We will look into this and get back to you within the next 48 hours.,"Investigated logs, mitigated the issue, and updated security settings.",24.62,0,neutral,4,1,desktop_app,APAC
TCKT_000122,2024-08-26T08:28:11,CUST_04037,non_profit,web_form,mobile_app,bug,urgent,open,gold,The mobile app feature is not saving my changes.,Thanks for reporting this bug. This has been escalated to our on-call team for immediate attention.,,,0,neutral,3,0,web,EU
TCKT_000123,2022-06-10T15:52:58,CUST_01313,small_business,phone_transcript,data_export,how_to,high,resolved,gold,How can I export my data from the data export section?,Happy to help with your question. We are prioritizing this and will update you as soon as possible.,Provided step-by-step instructions and relevant documentation.,20.56,0,very_positive,5,0,android,EU
TCKT_000124,2025-04-02T14:48:09,CUST_04287,non_profit,email,login_auth,bug,medium,in_progress,gold,I am seeing an error message when I click on login auth.,Thanks for reporting this bug. Our team is reviewing this and will follow up within 24 hours.,,,0,very_positive,5,1,desktop_app,MEA
TCKT_000125,2023-01-06T04:31:27,CUST_06507,education,phone_transcript,billing,billing_problem,low,closed_no_action,standard,My invoice amount is incorrect compared to the plan I selected.,Thanks for reaching out about the billing issue. We will look into this and get back to you within the next 48 hours.,Ticket closed without further action after no response from the customer.,144.14,0,neutral,0,1,ios,LATAM
TCKT_000126,2023-11-24T15:24:10,CUST_01137,individual,chat,mobile_app,billing_problem,medium,in_progress,standard,My invoice amount is incorrect compared to the plan I selected.,Thanks for reaching out about the billing issue. Our team is reviewing this and will follow up within 24 hours.,,,0,very_negative,2,0,web,MEA
TCKT_000127,2023-05-13T22:14:33,CUST_05353,small_business,chat,mobile_app,feature_request,urgent,on_hold,gold,It would be great to have mobile app support in your product.,Thanks for your feature suggestion. This has been escalated to our on-call team for immediate attention.,,,0,very_positive,0,0,web,EU
TCKT_000128,2022-09-23T07:21:21,CUST_07492,enterprise,in_app,data_export,account_access,low,resolved,standard,My 2FA code is not working when I try to sign in.,Sorry to hear you're having trouble accessing your account. We will look into this and get back to you within the next 48 hours.,Reset account credentials and confirmed successful login.,45.26,0,negative,2,0,web,LATAM
TCKT_000129,2024-09-11T09:00:30,CUST_08477,enterprise,web_form,mobile_app,other,medium,resolved,standard,"Something seems off, can you please check my workspace?",Thanks for contacting support. Our team is reviewing this and will follow up within 24 hours.,Provided general guidance and confirmed the issue was resolved.,20.88,0,very_negative,1,0,web,MEA
TCKT_000130,2025-09-06T10:23:53,CUST_09646,individual,web_form,data_export,performance,medium,closed_no_action,standard,Queries in the data export module are timing out.,We understand performance issues can be frustrating. Our team is reviewing this and will follow up within 24 hours.,Ticket closed without further action after no response from the customer.,208.51,0,negative,2,1,ios,NA
TCKT_000131,2025-04-20T10:32:45,CUST_03156,individual,chat,data_export,bug,medium,in_progress,platinum,The data export feature is not saving my changes.,Thanks for reporting this bug. Our team is reviewing this and will follow up within 24 hours.,,,0,negative,2,0,ios,MEA
TCKT_000132,2025-09-05T04:40:51,CUST_01683,individual,chat,analytics_dashboard,other,low,closed_no_action,standard,"Something seems off, can you please check my workspace?",Thanks for contacting support. We will look into this and get back to you within the next 48 hours.,Ticket closed without further action after no response from the customer.,217.13,1,negative,0,0,android,MEA
TCKT_000133,2025-05-16T15:19:39,CUST_05391,education,web_form,billing,other,medium,resolved,standard,"Something seems off, can you please check my workspace?",Thanks for contacting support. Our team is reviewing this and will follow up within 24 hours.,Provided general guidance and confirmed the issue was resolved.,12.96,0,very_negative,0,0,desktop_app,APAC
TCKT_000134,2024-06-06T22:03:50,CUST_00960,enterprise,email,notifications,feature_request,low,closed_no_action,platinum,Can you add an option to customize notifications?,Thanks for your feature suggestion. We will look into this and get back to you within the next 48 hours.,Ticket closed without further action after no response from the customer.,64.06,0,neutral,0,0,desktop_app,LATAM
TCKT_000135,2025-12-02T03:45:23,CUST_01764,enterprise,web_form,notifications,bug,medium,in_progress,standard,I am seeing an error message when I click on notifications.,Thanks for reporting this bug. Our team is reviewing this and will follow up within 24 hours.,,,0,neutral,4,0,web,APAC
TCKT_000136,2024-05-30T20:57:48,CUST_04168,enterprise,phone_transcript,billing,security_concern,medium,resolved,standard,There seems to be a vulnerability in the billing functionality.,We take security very seriously. Our team is reviewing this and will follow up within 24 hours.,"Investigated logs, mitigated the issue, and updated security settings.",46.89,0,neutral,3,0,web,MEA
TCKT_000137,2023-02-21T00:23:35,CUST_00779,education,web_form,billing,billing_problem,medium,in_progress,standard,I downgraded my plan but I am still being billed for the higher tier.,Thanks for reaching out about the billing issue. Our team is reviewing this and will follow up within 24 hours.,,,0,very_positive,0,0,ios,MEA
TCKT_000138,2024-01-14T21:54:27,CUST_02721,education,web_form,notifications,bug,medium,open,standard,The page keeps crashing whenever I try to open the notifications section.,Thanks for reporting this bug. Our team is reviewing this and will follow up within 24 hours.,,,0,neutral,0,1,ios,MEA
TCKT_000139,2024-03-10T06:23:47,CUST_07834,small_business,phone_transcript,analytics_dashboard,other,low,in_progress,standard,I have a general question about my account.,Thanks for contacting support. We will look into this and get back to you within the next 48 hours.,,,1,neutral,4,0,web,MEA
TCKT_000140,2023-11-30T10:16:07,CUST_06091,small_business,chat,mobile_app,bug,low,resolved,standard,The mobile app feature is not saving my changes.,Thanks for reporting this bug. We will look into this and get back to you within the next 48 hours.,Patched the bug and deployed a fix to production.,47.46,0,neutral,0,0,desktop_app,NA
TCKT_000141,2022-01-16T03:28:27,CUST_03390,small_business,email,analytics_dashboard,how_to,high,resolved,standard,Can you explain how to configure analytics dashboard properly?,Happy to help with your question. We are prioritizing this and will update you as soon as possible.,Provided step-by-step instructions and relevant documentation.,16.2,0,neutral,4,0,android,LATAM
TCKT_000142,2025-08-05T11:36:08,CUST_07868,enterprise,in_app,data_export,account_access,medium,open,standard,My 2FA code is not working when I try to sign in.,Sorry to hear you're having trouble accessing your account. Our team is reviewing this and will follow up within 24 hours.,,,0,very_negative,0,1,desktop_app,LATAM
TCKT_000143,2022-12-20T16:49:58,CUST_08942,small_business,web_form,api_integration,feature_request,low,in_progress,gold,Can you add an option to customize api integration?,Thanks for your feature suggestion. We will look into this and get back to you within the next 48 hours.,,,1,positive,5,0,android,MEA
TCKT_000144,2024-09-11T23:45:40,CUST_08504,non_profit,chat,notifications,how_to,urgent,resolved,standard,I need help setting up notifications for my team.,Happy to help with your question. This has been escalated to our on-call team for immediate attention.,Provided step-by-step instructions and relevant documentation.,5.47,0,negative,0,0,desktop_app,APAC
TCKT_000145,2025-05-04T00:29:17,CUST_00159,non_profit,phone_transcript,notifications,bug,medium,resolved,gold,I am seeing an error message when I click on notifications.,Thanks for reporting this bug. Our team is reviewing this and will follow up within 24 hours.,Patched the bug and deployed a fix to production.,36.36,0,positive,5,0,ios,MEA
TCKT_000146,2022-02-25T10:44:51,CUST_09466,non_profit,web_form,notifications,feature_request,medium,resolved,gold,Can you add an option to customize notifications?,Thanks for your feature suggestion. Our team is reviewing this and will follow up within 24 hours.,Captured the request and added it to the product backlog.,43.63,0,neutral,0,0,api_client,LATAM
TCKT_000147,2025-02-25T09:34:03,CUST_03715,enterprise,phone_transcript,api_integration,security_concern,medium,resolved,gold,We need details about your data encryption and compliance.,We take security very seriously. Our team is reviewing this and will follow up within 24 hours.,"Investigated logs, mitigated the issue, and updated security settings.",9.79,0,neutral,3,0,ios,EU
TCKT_000148,2023-09-20T02:31:29,CUST_00375,small_business,in_app,analytics_dashboard,billing_problem,medium,open,standard,My invoice amount is incorrect compared to the plan I selected.,Thanks for reaching out about the billing issue. Our team is reviewing this and will follow up within 24 hours.,,,0,very_negative,2,0,web,APAC
TCKT_000149,2022-03-17T03:17:58,CUST_03217,education,web_form,analytics_dashboard,feature_request,low,closed_no_action,standard,Can you add an option to customize analytics dashboard?,Thanks for your feature suggestion. We will look into this and get back to you within the next 48 hours.,Ticket closed without further action after no response from the customer.,165.86,0,neutral,4,1,web,EU
TCKT_000150,2024-03-02T14:07:26,CUST_03467,non_profit,in_app,mobile_app,how_to,high,resolved,standard,I need help setting up mobile app for my team.,Happy to help with your question. We are prioritizing this and will update you as soon as possible.,Provided step-by-step instructions and relevant documentation.,11.32,0,positive,0,0,web,MEA
TCKT_000151,2023-07-05T22:57:15,CUST_06657,education,email,data_export,feature_request,low,on_hold,standard,Can you add an option to customize data export?,Thanks for your feature suggestion. We will look into this and get back to you within the next 48 hours.,,,0,positive,5,0,android,NA
TCKT_000152,2025-04-28T22:22:35,CUST_02204,education,phone_transcript,mobile_app,security_concern,high,resolved,standard,There seems to be a vulnerability in the mobile app functionality.,We take security very seriously. We are prioritizing this and will update you as soon as possible.,"Investigated logs, mitigated the issue, and updated security settings.",1.79,0,very_positive,0,1,web,APAC
TCKT_000153,2024-01-16T19:14:08,CUST_06263,non_profit,web_form,mobile_app,other,low,in_progress,standard,I need help but I'm not sure which category this fits in.,Thanks for contacting support. We will look into this and get back to you within the next 48 hours.,,,0,negative,3,0,web,MEA
TCKT_000154,2025-10-04T22:23:19,CUST_05371,individual,chat,data_export,account_access,low,closed_no_action,gold,I cannot log in; the system says my password is incorrect.,Sorry to hear you're having trouble accessing your account. We will look into this and get back to you within the next 48 hours.,Ticket closed without further action after no response from the customer.,211.47,0,negative,3,0,web,LATAM
TCKT_000155,2022-02-06T20:39:50,CUST_06528,individual,email,analytics_dashboard,feature_request,low,in_progress,platinum,Our team needs more advanced options for analytics dashboard.,Thanks for your feature suggestion. We will look into this and get back to you within the next 48 hours.,,,0,positive,0,0,ios,NA
TCKT_000156,2022-11-07T16:48:31,CUST_04613,individual,phone_transcript,notifications,bug,urgent,in_progress,gold,I am seeing an error message when I click on notifications.,Thanks for reporting this bug. This has been escalated to our on-call team for immediate attention.,,,1,very_positive,5,1,ios,APAC
TCKT_000157,2024-07-02T12:50:33,CUST_03720,education,chat,login_auth,security_concern,high,resolved,standard,There seems to be a vulnerability in the login auth functionality.,We take security very seriously. We are prioritizing this and will update you as soon as possible.,"Investigated logs, mitigated the issue, and updated security settings.",19.3,0,positive,4,0,android,EU
TCKT_000158,2025-07-28T01:09:24,CUST_08126,small_business,email,api_integration,security_concern,medium,closed_no_action,standard,There seems to be a vulnerability in the api integration functionality.,We take security very seriously. Our team is reviewing this and will follow up within 24 hours.,Ticket closed without further action after no response from the customer.,235.07,0,negative,2,0,android,LATAM
TCKT_000159,2024-02-03T12:44:58,CUST_09540,non_profit,chat,login_auth,other,medium,resolved,platinum,I need help but I'm not sure which category this fits in.,Thanks for contacting support. Our team is reviewing this and will follow up within 24 hours.,Provided general guidance and confirmed the issue was resolved.,23.28,0,very_positive,5,0,ios,LATAM
TCKT_000160,2022-02-03T10:01:36,CUST_01368,enterprise,email,notifications,other,low,resolved,standard,"Something seems off, can you please check my workspace?",Thanks for contacting support. We will look into this and get back to you within the next 48 hours.,Provided general guidance and confirmed the issue was resolved.,48.33,0,neutral,3,0,api_client,EU
TCKT_000161,2024-07-23T06:16:16,CUST_08928,individual,web_form,mobile_app,account_access,low,in_progress,standard,My account was locked after multiple failed login attempts.,Sorry to hear you're having trouble accessing your account. We will look into this and get back to you within the next 48 hours.,,,0,neutral,4,0,desktop_app,APAC
TCKT_000162,2023-07-07T11:07:00,CUST_06472,education,phone_transcript,login_auth,security_concern,medium,resolved,standard,We need details about your data encryption and compliance.,We take security very seriously. Our team is reviewing this and will follow up within 24 hours.,"Investigated logs, mitigated the issue, and updated security settings.",19.01,0,negative,2,0,web,EU
TCKT_000163,2024-08-20T15:43:38,CUST_09136,education,in_app,mobile_app,account_access,medium,resolved,gold,My account was locked after multiple failed login attempts.,Sorry to hear you're having trouble accessing your account. Our team is reviewing this and will follow up within 24 hours.,Reset account credentials and confirmed successful login.,26.93,0,neutral,4,0,ios,NA
TCKT_000164,2025-05-14T10:46:48,CUST_08907,education,phone_transcript,billing,bug,low,in_progress,standard,The billing feature is not saving my changes.,Thanks for reporting this bug. We will look into this and get back to you within the next 48 hours.,,,0,negative,0,0,desktop_app,APAC
TCKT_000165,2023-11-20T06:57:49,CUST_03611,small_business,in_app,notifications,performance,high,resolved,standard,The notifications page is very slow and takes a long time to load.,We understand performance issues can be frustrating. We are prioritizing this and will update you as soon as possible.,Optimized queries and increased resource allocation.,3.06,0,neutral,3,1,android,MEA
TCKT_000166,2025-05-22T18:04:58,CUST_01287,enterprise,chat,data_export,how_to,medium,in_progress,standard,Can you explain how to configure data export properly?,Happy to help with your question. Our team is reviewing this and will follow up within 24 hours.,,,0,positive,0,0,web,APAC
TCKT_000167,2025-06-17T23:26:27,CUST_05204,education,email,api_integration,performance,medium,resolved,standard,Queries in the api integration module are timing out.,We understand performance issues can be frustrating. Our team is reviewing this and will follow up within 24 hours.,Optimized queries and increased resource allocation.,5.91,0,neutral,3,0,android,NA
TCKT_000168,2023-04-09T18:50:48,CUST_03098,enterprise,phone_transcript,data_export,security_concern,low,resolved,standard,I noticed a suspicious login on my account.,We take security very seriously. We will look into this and get back to you within the next 48 hours.,"Investigated logs, mitigated the issue, and updated security settings.",61.75,0,positive,5,0,android,EU
TCKT_000169,2023-10-19T13:50:15,CUST_06675,non_profit,phone_transcript,api_integration,account_access,high,resolved,gold,I cannot log in; the system says my password is incorrect.,Sorry to hear you're having trouble accessing your account. We are prioritizing this and will update you as soon as possible.,Reset account credentials and confirmed successful login.,18.63,0,very_negative,1,0,ios,LATAM
TCKT_000170,2024-08-04T20:02:41,CUST_00631,enterprise,phone_transcript,notifications,how_to,medium,in_progress,standard,I need help setting up notifications for my team.,Happy to help with your question. Our team is reviewing this and will follow up within 24 hours.,,,0,neutral,0,0,web,EU
TCKT_000171,2022-12-15T17:47:56,CUST_06653,small_business,web_form,notifications,performance,low,in_progress,standard,The notifications page is very slow and takes a long time to load.,We understand performance issues can be frustrating. We will look into this and get back to you within the next 48 hours.,,,0,negative,3,0,desktop_app,NA
TCKT_000172,2022-09-03T09:03:44,CUST_06603,enterprise,in_app,billing,other,urgent,in_progress,standard,"Something seems off, can you please check my workspace?",Thanks for contacting support. This has been escalated to our on-call team for immediate attention.,,,0,positive,4,0,ios,MEA
TCKT_000173,2024-10-05T14:42:44,CUST_07844,education,phone_transcript,billing,billing_problem,low,on_hold,standard,My invoice amount is incorrect compared to the plan I selected.,Thanks for reaching out about the billing issue. We will look into this and get back to you within the next 48 hours.,,,0,negative,0,1,web,MEA
TCKT_000174,2024-08-07T18:57:08,CUST_02476,non_profit,phone_transcript,api_integration,billing_problem,low,resolved,gold,I downgraded my plan but I am still being billed for the higher tier.,Thanks for reaching out about the billing issue. We will look into this and get back to you within the next 48 hours.,Adjusted the invoice and issued a refund where applicable.,49.66,0,negative,2,1,web,LATAM
TCKT_000175,2022-06-22T19:31:55,CUST_02818,enterprise,web_form,billing,feature_request,low,closed_no_action,standard,It would be great to have billing support in your product.,Thanks for your feature suggestion. We will look into this and get back to you within the next 48 hours.,Ticket closed without further action after no response from the customer.,96.05,0,neutral,0,0,web,APAC
TCKT_000176,2022-08-29T11:44:46,CUST_09209,education,email,billing,billing_problem,low,resolved,standard,I downgraded my plan but I am still being billed for the higher tier.,Thanks for reaching out about the billing issue. We will look into this and get back to you within the next 48 hours.,Adjusted the invoice and issued a refund where applicable.,60.6,0,very_negative,2,0,android,LATAM
TCKT_000177,2024-02-29T23:59:40,CUST_07447,education,phone_transcript,data_export,security_concern,low,in_progress,platinum,There seems to be a vulnerability in the data export functionality.,We take security very seriously. We will look into this and get back to you within the next 48 hours.,,,0,positive,4,1,android,LATAM
TCKT_000178,2022-12-17T07:43:17,CUST_07122,individual,web_form,api_integration,security_concern,high,resolved,gold,We need details about your data encryption and compliance.,We take security very seriously. We are prioritizing this and will update you as soon as possible.,"Investigated logs, mitigated the issue, and updated security settings.",12.66,0,very_negative,0,1,web,APAC
TCKT_000179,2025-12-21T06:32:12,CUST_09794,small_business,web_form,analytics_dashboard,billing_problem,low,on_hold,standard,My invoice amount is incorrect compared to the plan I selected.,Thanks for reaching out about the billing issue. We will look into this and get back to you within the next 48 hours.,,,0,negative,3,0,web,APAC
TCKT_000180,2024-02-19T10:17:26,CUST_08454,non_profit,phone_transcript,billing,security_concern,high,resolved,platinum,We need details about your data encryption and compliance.,We take security very seriously. We are prioritizing this and will update you as soon as possible.,"Investigated logs, mitigated the issue, and updated security settings.",20.58,0,very_negative,2,0,android,NA
TCKT_000181,2024-06-16T11:01:49,CUST_07630,education,email,data_export,billing_problem,high,resolved,standard,I downgraded my plan but I am still being billed for the higher tier.,Thanks for reaching out about the billing issue. We are prioritizing this and will update you as soon as possible.,Adjusted the invoice and issued a refund where applicable.,2.86,0,negative,0,0,api_client,NA
TCKT_000182,2022-12-08T00:32:19,CUST_06098,individual,phone_transcript,login_auth,feature_request,medium,resolved,standard,Our team needs more advanced options for login auth.,Thanks for your feature suggestion. Our team is reviewing this and will follow up within 24 hours.,Captured the request and added it to the product backlog.,41.93,0,very_positive,5,0,android,NA
TCKT_000183,2024-07-13T01:06:04,CUST_02531,non_profit,chat,api_integration,billing_problem,low,in_progress,standard,I was charged twice for my subscription this month.,Thanks for reaching out about the billing issue. We will look into this and get back to you within the next 48 hours.,,,0,very_negative,0,0,ios,EU
TCKT_000184,2024-06-27T16:20:11,CUST_07180,non_profit,email,mobile_app,feature_request,urgent,resolved,standard,It would be great to have mobile app support in your product.,Thanks for your feature suggestion. This has been escalated to our on-call team for immediate attention.,Captured the request and added it to the product backlog.,4.1,0,neutral,0,1,api_client,APAC
TCKT_000185,2025-07-08T09:53:01,CUST_05180,small_business,email,data_export,bug,low,on_hold,standard,The page keeps crashing whenever I try to open the data export section.,Thanks for reporting this bug. We will look into this and get back to you within the next 48 hours.,,,0,negative,0,0,web,APAC
TCKT_000186,2025-07-03T22:15:58,CUST_05176,small_business,in_app,mobile_app,bug,low,resolved,standard,The page keeps crashing whenever I try to open the mobile app section.,Thanks for reporting this bug. We will look into this and get back to you within the next 48 hours.,Patched the bug and deployed a fix to production.,12.78,0,positive,0,0,ios,NA
TCKT_000187,2025-04-23T01:01:20,CUST_01639,small_business,web_form,api_integration,how_to,low,in_progress,standard,Can you explain how to configure api integration properly?,Happy to help with your question. We will look into this and get back to you within the next 48 hours.,,,0,negative,3,1,web,LATAM
TCKT_000188,2023-07-31T20:22:11,CUST_07871,education,phone_transcript,api_integration,how_to,medium,in_progress,standard,I need help setting up api integration for my team.,Happy to help with your question. Our team is reviewing this and will follow up within 24 hours.,,,0,neutral,3,0,api_client,EU
TCKT_000189,2023-05-08T07:55:45,CUST_07899,non_profit,email,data_export,account_access,medium,resolved,standard,My 2FA code is not working when I try to sign in.,Sorry to hear you're having trouble accessing your account. Our team is reviewing this and will follow up within 24 hours.,Reset account credentials and confirmed successful login.,33.96,1,very_negative,1,1,web,NA
TCKT_000190,2022-12-21T02:58:28,CUST_02386,education,web_form,analytics_dashboard,how_to,low,open,standard,I need help setting up analytics dashboard for my team.,Happy to help with your question. We will look into this and get back to you within the next 48 hours.,,,0,neutral,3,1,desktop_app,NA
TCKT_000191,2024-08-26T21:50:17,CUST_05828,individual,phone_transcript,api_integration,feature_request,high,in_progress,gold,It would be great to have api integration support in your product.,Thanks for your feature suggestion. We are prioritizing this and will update you as soon as possible.,,,0,positive,4,0,android,APAC
TCKT_000192,2024-04-29T06:49:48,CUST_02673,non_profit,in_app,api_integration,performance,urgent,resolved,standard,Overall performance has degraded in the last few days.,We understand performance issues can be frustrating. This has been escalated to our on-call team for immediate attention.,Optimized queries and increased resource allocation.,5.54,0,negative,0,1,api_client,MEA
TCKT_000193,2025-08-23T08:18:03,CUST_02280,enterprise,web_form,api_integration,security_concern,medium,resolved,gold,I noticed a suspicious login on my account.,We take security very seriously. Our team is reviewing this and will follow up within 24 hours.,"Investigated logs, mitigated the issue, and updated security settings.",43.39,0,neutral,4,0,web,MEA
TCKT_000194,2023-08-17T17:07:16,CUST_07084,small_business,web_form,analytics_dashboard,billing_problem,medium,resolved,standard,My invoice amount is incorrect compared to the plan I selected.,Thanks for reaching out about the billing issue. Our team is reviewing this and will follow up within 24 hours.,Adjusted the invoice and issued a refund where applicable.,7.73,0,neutral,0,1,ios,LATAM
TCKT_000195,2024-08-02T13:32:52,CUST_00148,education,web_form,data_export,how_to,medium,on_hold,standard,I need help setting up data export for my team.,Happy to help with your question. Our team is reviewing this and will follow up within 24 hours.,,,0,neutral,3,0,desktop_app,APAC
TCKT_000196,2022-10-20T08:13:45,CUST_08965,enterprise,phone_transcript,login_auth,other,medium,resolved,standard,I have a general question about my account.,Thanks for contacting support. Our team is reviewing this and will follow up within 24 hours.,Provided general guidance and confirmed the issue was resolved.,4.92,0,very_negative,1,1,web,NA
TCKT_000197,2022-12-26T22:40:08,CUST_03010,individual,web_form,billing,performance,medium,open,standard,The billing page is very slow and takes a long time to load.,We understand performance issues can be frustrating. Our team is reviewing this and will follow up within 24 hours.,,,0,negative,0,0,api_client,NA
TCKT_000198,2024-10-31T16:46:54,CUST_08562,non_profit,in_app,api_integration,performance,low,in_progress,standard,Queries in the api integration module are timing out.,We understand performance issues can be frustrating. We will look into this and get back to you within the next 48 hours.,,,0,very_negative,2,0,web,LATAM
TCKT_000199,2022-01-12T08:44:43,CUST_08715,enterprise,web_form,notifications,bug,low,in_progress,standard,I am seeing an error message when I click on notifications.,Thanks for reporting this bug. We will look into this and get back to you within the next 48 hours.,,,0,very_negative,2,0,api_client,APAC
TCKT_000200,2022-10-05T04:14:13,CUST_02462,enterprise,email,api_integration,billing_problem,high,resolved,standard,I was charged twice for my subscription this month.,Thanks for reaching out about the billing issue. We are prioritizing this and will update you as soon as possible.,Adjusted the invoice and issued a refund where applicable.,1.29,0,very_positive,5,0,desktop_app,EU
TCKT_000201,2023-02-24T03:18:35,CUST_01257,individual,phone_transcript,notifications,performance,medium,resolved,standard,The notifications page is very slow and takes a long time to load.,We understand performance issues can be frustrating. Our team is reviewing this and will follow up within 24 hours.,Optimized queries and increased resource allocation.,47.05,0,neutral,3,1,ios,MEA
TCKT_000202,2023-11-16T20:30:13,CUST_08854,small_business,web_form,notifications,bug,urgent,closed_no_action,standard,The notifications feature is not saving my changes.,Thanks for reporting this bug. This has been escalated to our on-call team for immediate attention.,Ticket closed without further action after no response from the customer.,59.6,0,negative,2,0,ios,NA
TCKT_000203,2025-06-30T08:47:18,CUST_04184,small_business,phone_transcript,data_export,account_access,low,resolved,gold,My 2FA code is not working when I try to sign in.,Sorry to hear you're having trouble accessing your account. We will look into this and get back to you within the next 48 hours.,Reset account credentials and confirmed successful login.,55.58,0,neutral,0,1,ios,NA
TCKT_000204,2023-12-31T09:18:35,CUST_09497,small_business,chat,api_integration,security_concern,high,in_progress,standard,I noticed a suspicious login on my account.,We take security very seriously. We are prioritizing this and will update you as soon as possible.,,,0,very_negative,0,0,android,NA
TCKT_000205,2022-09-27T19:58:31,CUST_05344,individual,in_app,login_auth,security_concern,high,resolved,standard,We need details about your data encryption and compliance.,We take security very seriously. We are prioritizing this and will update you as soon as possible.,"Investigated logs, mitigated the issue, and updated security settings.",18.07,0,neutral,4,0,desktop_app,APAC
TCKT_000206,2025-02-16T04:02:59,CUST_02980,small_business,phone_transcript,mobile_app,performance,low,resolved,standard,Queries in the mobile app module are timing out.,We understand performance issues can be frustrating. We will look into this and get back to you within the next 48 hours.,Optimized queries and increased resource allocation.,55.73,0,very_negative,1,0,api_client,NA
TCKT_000207,2025-04-25T15:42:46,CUST_05190,individual,chat,login_auth,bug,high,closed_no_action,standard,The login auth feature is not saving my changes.,Thanks for reporting this bug. We are prioritizing this and will update you as soon as possible.,Ticket closed without further action after no response from the customer.,120.9,0,positive,4,0,web,APAC
TCKT_000208,2022-04-04T10:47:17,CUST_02024,education,web_form,analytics_dashboard,other,low,open,standard,"Something seems off, can you please check my workspace?",Thanks for contacting support. We will look into this and get back to you within the next 48 hours.,,,0,negative,2,0,ios,EU
TCKT_000209,2024-05-11T06:09:17,CUST_03587,non_profit,email,mobile_app,security_concern,low,resolved,standard,I noticed a suspicious login on my account.,We take security very seriously. We will look into this and get back to you within the next 48 hours.,"Investigated logs, mitigated the issue, and updated security settings.",43.88,0,neutral,4,1,ios,MEA
TCKT_000210,2023-04-23T14:47:46,CUST_03391,education,in_app,data_export,account_access,low,open,standard,I cannot log in; the system says my password is incorrect.,Sorry to hear you're having trouble accessing your account. We will look into this and get back to you within the next 48 hours.,,,0,neutral,3,0,android,LATAM
TCKT_000211,2025-01-21T02:54:27,CUST_05470,non_profit,email,billing,billing_problem,low,resolved,standard,My invoice amount is incorrect compared to the plan I selected.,Thanks for reaching out about the billing issue. We will look into this and get back to you within the next 48 hours.,Adjusted the invoice and issued a refund where applicable.,22.12,0,negative,2,0,android,EU
TCKT_000212,2024-05-06T12:16:32,CUST_01284,enterprise,phone_transcript,mobile_app,how_to,medium,in_progress,gold,How can I export my data from the mobile app section?,Happy to help with your question. Our team is reviewing this and will follow up within 24 hours.,,,0,very_positive,5,0,desktop_app,LATAM
TCKT_000213,2024-02-07T08:18:12,CUST_05625,small_business,chat,analytics_dashboard,billing_problem,medium,closed_no_action,standard,I downgraded my plan but I am still being billed for the higher tier.,Thanks for reaching out about the billing issue. Our team is reviewing this and will follow up within 24 hours.,Ticket closed without further action after no response from the customer.,175.25,0,negative,3,0,api_client,APAC
TCKT_000214,2022-06-08T00:59:32,CUST_01450,individual,web_form,notifications,bug,high,in_progress,standard,I am seeing an error message when I click on notifications.,Thanks for reporting this bug. We are prioritizing this and will update you as soon as possible.,,,0,neutral,3,0,web,LATAM
TCKT_000215,2023-02-26T12:59:49,CUST_09818,individual,phone_transcript,api_integration,security_concern,low,resolved,standard,There seems to be a vulnerability in the api integration functionality.,We take security very seriously. We will look into this and get back to you within the next 48 hours.,"Investigated logs, mitigated the issue, and updated security settings.",35.96,0,neutral,4,1,desktop_app,LATAM
TCKT_000216,2025-03-30T21:29:28,CUST_07711,enterprise,email,analytics_dashboard,bug,high,resolved,standard,I am seeing an error message when I click on analytics dashboard.,Thanks for reporting this bug. We are prioritizing this and will update you as soon as possible.,Patched the bug and deployed a fix to production.,7.5,0,very_negative,0,0,android,MEA
TCKT_000217,2022-10-20T03:03:41,CUST_00632,education,phone_transcript,billing,security_concern,urgent,on_hold,standard,I noticed a suspicious login on my account.,We take security very seriously. This has been escalated to our on-call team for immediate attention.,,,0,neutral,0,0,android,LATAM
TCKT_000218,2024-01-29T02:39:38,CUST_02644,non_profit,web_form,api_integration,how_to,medium,resolved,standard,I need help setting up api integration for my team.,Happy to help with your question. Our team is reviewing this and will follow up within 24 hours.,Provided step-by-step instructions and relevant documentation.,17.87,0,positive,0,0,ios,APAC
TCKT_000219,2024-04-28T13:59:38,CUST_01172,small_business,phone_transcript,notifications,feature_request,low,resolved,standard,It would be great to have notifications support in your product.,Thanks for your feature suggestion. We will look into this and get back to you within the next 48 hours.,Captured the request and added it to the product backlog.,60.98,0,positive,4,0,api_client,NA
TCKT_000220,2025-12-21T06:38:58,CUST_03671,non_profit,in_app,login_auth,performance,low,resolved,standard,Overall performance has degraded in the last few days.,We understand performance issues can be frustrating. We will look into this and get back to you within the next 48 hours.,Optimized queries and increased resource allocation.,70.21,1,neutral,3,0,android,EU
TCKT_000221,2023-08-07T14:17:34,CUST_06634,individual,chat,mobile_app,billing_problem,low,resolved,standard,I was charged twice for my subscription this month.,Thanks for reaching out about the billing issue. We will look into this and get back to you within the next 48 hours.,Adjusted the invoice and issued a refund where applicable.,70.75,0,very_negative,1,0,api_client,EU
TCKT_000222,2023-09-03T20:24:48,CUST_01634,individual,chat,notifications,other,low,resolved,standard,"Something seems off, can you please check my workspace?",Thanks for contacting support. We will look into this and get back to you within the next 48 hours.,Provided general guidance and confirmed the issue was resolved.,18.61,0,very_positive,5,0,api_client,MEA
TCKT_000223,2022-10-02T04:17:51,CUST_03751,education,in_app,data_export,performance,medium,open,standard,Queries in the data export module are timing out.,We understand performance issues can be frustrating. Our team is reviewing this and will follow up within 24 hours.,,,0,neutral,4,0,ios,EU
TCKT_000224,2025-09-17T23:17:51,CUST_02325,education,email,analytics_dashboard,other,low,on_hold,gold,I need help but I'm not sure which category this fits in.,Thanks for contacting support. We will look into this and get back to you within the next 48 hours.,,,0,neutral,0,0,ios,APAC
TCKT_000225,2025-08-26T15:33:47,CUST_00782,non_profit,email,mobile_app,how_to,low,resolved,platinum,I need help setting up mobile app for my team.,Happy to help with your question. We will look into this and get back to you within the next 48 hours.,Provided step-by-step instructions and relevant documentation.,57.41,0,very_negative,0,0,desktop_app,LATAM
TCKT_000226,2023-01-06T10:20:16,CUST_01578,individual,email,mobile_app,account_access,medium,in_progress,gold,I cannot log in; the system says my password is incorrect.,Sorry to hear you're having trouble accessing your account. Our team is reviewing this and will follow up within 24 hours.,,,0,neutral,3,1,web,MEA
TCKT_000227,2025-03-05T17:20:09,CUST_00008,non_profit,in_app,analytics_dashboard,other,low,resolved,standard,I need help but I'm not sure which category this fits in.,Thanks for contacting support. We will look into this and get back to you within the next 48 hours.,Provided general guidance and confirmed the issue was resolved.,48.61,0,positive,5,0,api_client,NA
TCKT_000228,2023-05-18T05:16:43,CUST_03526,education,in_app,data_export,billing_problem,high,on_hold,gold,My invoice amount is incorrect compared to the plan I selected.,Thanks for reaching out about the billing issue. We are prioritizing this and will update you as soon as possible.,,,0,positive,0,1,api_client,LATAM
TCKT_000229,2023-12-23T13:52:00,CUST_05111,non_profit,chat,billing,other,low,resolved,gold,I have a general question about my account.,Thanks for contacting support. We will look into this and get back to you within the next 48 hours.,Provided general guidance and confirmed the issue was resolved.,17.73,0,neutral,4,1,ios,NA
TCKT_000230,2024-11-08T22:30:34,CUST_07184,non_profit,chat,billing,billing_problem,urgent,resolved,standard,I downgraded my plan but I am still being billed for the higher tier.,Thanks for reaching out about the billing issue. This has been escalated to our on-call team for immediate attention.,Adjusted the invoice and issued a refund where applicable.,5.83,0,negative,3,1,desktop_app,LATAM
TCKT_000231,2023-09-19T17:21:30,CUST_08005,non_profit,in_app,api_integration,feature_request,medium,resolved,gold,Can you add an option to customize api integration?,Thanks for your feature suggestion. Our team is reviewing this and will follow up within 24 hours.,Captured the request and added it to the product backlog.,43.17,0,negative,2,0,ios,APAC
TCKT_000232,2023-08-18T10:26:45,CUST_00646,education,web_form,notifications,performance,medium,on_hold,standard,Queries in the notifications module are timing out.,We understand performance issues can be frustrating. Our team is reviewing this and will follow up within 24 hours.,,,0,neutral,3,0,api_client,NA
TCKT_000233,2022-08-28T16:46:03,CUST_09178,enterprise,email,mobile_app,how_to,low,in_progress,standard,Can you explain how to configure mobile app properly?,Happy to help with your question. We will look into this and get back to you within the next 48 hours.,,,0,positive,5,0,desktop_app,APAC
TCKT_000234,2024-09-22T13:38:18,CUST_07097,enterprise,in_app,notifications,feature_request,medium,resolved,gold,Can you add an option to customize notifications?,Thanks for your feature suggestion. Our team is reviewing this and will follow up within 24 hours.,Captured the request and added it to the product backlog.,39.47,1,positive,0,0,web,MEA
TCKT_000235,2023-09-19T00:53:53,CUST_01090,small_business,phone_transcript,mobile_app,security_concern,low,open,gold,I noticed a suspicious login on my account.,We take security very seriously. We will look into this and get back to you within the next 48 hours.,,,0,very_negative,1,0,api_client,NA
TCKT_000236,2024-06-07T21:57:18,CUST_09795,enterprise,in_app,analytics_dashboard,performance,medium,resolved,standard,The analytics dashboard page is very slow and takes a long time to load.,We understand performance issues can be frustrating. Our team is reviewing this and will follow up within 24 hours.,Optimized queries and increased resource allocation.,13.36,0,very_negative,2,0,api_client,NA
TCKT_000237,2023-11-28T14:20:00,CUST_04647,education,in_app,mobile_app,bug,high,open,gold,I am seeing an error message when I click on mobile app.,Thanks for reporting this bug. We are prioritizing this and will update you as soon as possible.,,,0,neutral,3,1,ios,EU
TCKT_000238,2023-04-21T00:12:39,CUST_06702,small_business,phone_transcript,notifications,other,medium,resolved,standard,I have a general question about my account.,Thanks for contacting support. Our team is reviewing this and will follow up within 24 hours.,Provided general guidance and confirmed the issue was resolved.,20.74,0,very_positive,0,1,android,EU
TCKT_000239,2024-11-17T13:51:19,CUST_04250,small_business,email,mobile_app,how_to,urgent,in_progress,gold,Can you explain how to configure mobile app properly?,Happy to help with your question. This has been escalated to our on-call team for immediate attention.,,,0,very_positive,5,0,api_client,MEA
TCKT_000240,2023-10-11T15:41:32,CUST_07231,individual,phone_transcript,notifications,feature_request,medium,resolved,standard,Our team needs more advanced options for notifications.,Thanks for your feature suggestion. Our team is reviewing this and will follow up within 24 hours.,Captured the request and added it to the product backlog.,31.94,0,neutral,0,1,desktop_app,EU
TCKT_000241,2023-10-24T22:21:04,CUST_00286,small_business,chat,notifications,feature_request,low,resolved,standard,Our team needs more advanced options for notifications.,Thanks for your feature suggestion. We will look into this and get back to you within the next 48 hours.,Captured the request and added it to the product backlog.,60.77,0,negative,0,0,desktop_app,NA
TCKT_000242,2022-04-09T23:40:42,CUST_08260,education,phone_transcript,data_export,billing_problem,high,resolved,standard,My invoice amount is incorrect compared to the plan I selected.,Thanks for reaching out about the billing issue. We are prioritizing this and will update you as soon as possible.,Adjusted the invoice and issued a refund where applicable.,8.83,0,very_positive,5,0,api_client,APAC
TCKT_000243,2022-07-20T20:18:55,CUST_09886,education,chat,api_integration,billing_problem,medium,in_progress,gold,My invoice amount is incorrect compared to the plan I selected.,Thanks for reaching out about the billing issue. Our team is reviewing this and will follow up within 24 hours.,,,0,negative,3,0,desktop_app,EU
TCKT_000244,2024-11-19T00:17:36,CUST_07157,enterprise,in_app,analytics_dashboard,other,low,closed_no_action,gold,"Something seems off, can you please check my workspace?",Thanks for contacting support. We will look into this and get back to you within the next 48 hours.,Ticket closed without further action after no response from the customer.,203.13,0,positive,4,1,desktop_app,MEA
TCKT_000245,2022-08-09T01:07:01,CUST_06318,non_profit,web_form,login_auth,billing_problem,high,resolved,gold,I downgraded my plan but I am still being billed for the higher tier.,Thanks for reaching out about the billing issue. We are prioritizing this and will update you as soon as possible.,Adjusted the invoice and issued a refund where applicable.,11.2,0,neutral,4,0,android,APAC
TCKT_000246,2024-09-29T23:20:22,CUST_01479,individual,web_form,notifications,performance,low,in_progress,gold,Queries in the notifications module are timing out.,We understand performance issues can be frustrating. We will look into this and get back to you within the next 48 hours.,,,0,very_positive,0,0,web,MEA
TCKT_000247,2024-01-21T03:26:32,CUST_09985,individual,phone_transcript,billing,feature_request,low,resolved,gold,Can you add an option to customize billing?,Thanks for your feature suggestion. We will look into this and get back to you within the next 48 hours.,Captured the request and added it to the product backlog.,8.19,0,very_negative,1,0,desktop_app,MEA
TCKT_000248,2022-05-19T07:52:32,CUST_09837,small_business,web_form,billing,billing_problem,medium,in_progress,gold,My invoice amount is incorrect compared to the plan I selected.,Thanks for reaching out about the billing issue. Our team is reviewing this and will follow up within 24 hours.,,,0,negative,0,1,ios,NA
TCKT_000249,2023-01-16T23:33:01,CUST_04977,education,email,analytics_dashboard,performance,low,open,standard,The analytics dashboard page is very slow and takes a long time to load.,We understand performance issues can be frustrating. We will look into this and get back to you within the next 48 hours.,,,0,negative,2,0,desktop_app,NA
TCKT_000250,2023-10-16T01:58:13,CUST_06377,enterprise,chat,billing,performance,low,open,gold,The billing page is very slow and takes a long time to load.,We understand performance issues can be frustrating. We will look into this and get back to you within the next 48 hours.,,,0,very_negative,1,1,ios,EU
TCKT_000251,2024-08-10T22:57:03,CUST_01518,small_business,email,mobile_app,other,urgent,in_progress,standard,I need help but I'm not sure which category this fits in.,Thanks for contacting support. This has been escalated to our on-call team for immediate attention.,,,0,neutral,4,0,android,LATAM
TCKT_000252,2023-02-11T07:04:12,CUST_06589,education,in_app,billing,how_to,low,resolved,platinum,How can I export my data from the billing section?,Happy to help with your question. We will look into this and get back to you within the next 48 hours.,Provided step-by-step instructions and relevant documentation.,60.56,0,very_negative,1,0,ios,EU
TCKT_000253,2023-04-08T17:45:20,CUST_05807,small_business,in_app,data_export,security_concern,high,in_progress,gold,I noticed a suspicious login on my account.,We take security very seriously. We are prioritizing this and will update you as soon as possible.,,,0,neutral,3,0,ios,EU
TCKT_000254,2022-02-28T13:27:47,CUST_03809,enterprise,email,billing,billing_problem,medium,on_hold,gold,My invoice amount is incorrect compared to the plan I selected.,Thanks for reaching out about the billing issue. Our team is reviewing this and will follow up within 24 hours.,,,0,negative,3,0,api_client,LATAM
TCKT_000255,2023-05-19T14:58:17,CUST_09102,individual,email,notifications,other,medium,closed_no_action,gold,I need help but I'm not sure which category this fits in.,Thanks for contacting support. Our team is reviewing this and will follow up within 24 hours.,Ticket closed without further action after no response from the customer.,212.72,0,positive,0,1,api_client,NA
TCKT_000256,2022-05-16T02:03:59,CUST_06440,non_profit,in_app,login_auth,feature_request,high,resolved,standard,Can you add an option to customize login auth?,Thanks for your feature suggestion. We are prioritizing this and will update you as soon as possible.,Captured the request and added it to the product backlog.,11.32,0,negative,2,0,desktop_app,NA
TCKT_000257,2025-12-17T22:56:24,CUST_07447,non_profit,phone_transcript,login_auth,security_concern,high,open,standard,I noticed a suspicious login on my account.,We take security very seriously. We are prioritizing this and will update you as soon as possible.,,,0,positive,4,0,web,MEA
TCKT_000258,2023-01-20T12:24:25,CUST_03260,enterprise,email,api_integration,bug,low,on_hold,standard,I am seeing an error message when I click on api integration.,Thanks for reporting this bug. We will look into this and get back to you within the next 48 hours.,,,0,neutral,3,0,desktop_app,NA
TCKT_000259,2025-09-25T04:13:45,CUST_01142,education,phone_transcript,mobile_app,bug,medium,resolved,standard,I am seeing an error message when I click on mobile app.,Thanks for reporting this bug. Our team is reviewing this and will follow up within 24 hours.,Patched the bug and deployed a fix to production.,11.34,0,neutral,0,0,web,APAC
TCKT_000260,2025-09-17T12:58:58,CUST_03274,small_business,email,notifications,performance,medium,resolved,standard,The notifications page is very slow and takes a long time to load.,We understand performance issues can be frustrating. Our team is reviewing this and will follow up within 24 hours.,Optimized queries and increased resource allocation.,7.16,0,negative,3,0,web,APAC
TCKT_000261,2025-12-23T16:49:51,CUST_03700,non_profit,phone_transcript,notifications,feature_request,medium,resolved,standard,Our team needs more advanced options for notifications.,Thanks for your feature suggestion. Our team is reviewing this and will follow up within 24 hours.,Captured the request and added it to the product backlog.,11.36,0,very_positive,0,0,desktop_app,LATAM
TCKT_000262,2023-06-21T07:50:04,CUST_07940,small_business,chat,billing,other,low,in_progress,platinum,I have a general question about my account.,Thanks for contacting support. We will look into this and get back to you within the next 48 hours.,,,0,neutral,4,0,ios,EU
TCKT_000263,2023-02-02T10:08:29,CUST_04010,individual,chat,billing,performance,high,in_progress,platinum,Overall performance has degraded in the last few days.,We understand performance issues can be frustrating. We are prioritizing this and will update you as soon as possible.,,,0,negative,3,0,api_client,LATAM
TCKT_000264,2025-07-01T15:19:56,CUST_04155,non_profit,web_form,mobile_app,bug,urgent,on_hold,standard,The mobile app feature is not saving my changes.,Thanks for reporting this bug. This has been escalated to our on-call team for immediate attention.,,,0,neutral,3,0,android,APAC
TCKT_000265,2023-08-24T20:17:48,CUST_04917,enterprise,email,notifications,performance,high,resolved,standard,Overall performance has degraded in the last few days.,We understand performance issues can be frustrating. We are prioritizing this and will update you as soon as possible.,Optimized queries and increased resource allocation.,6.96,0,very_negative,0,0,web,APAC
TCKT_000266,2025-12-08T11:46:51,CUST_00139,education,web_form,data_export,other,medium,on_hold,standard,"Something seems off, can you please check my workspace?",Thanks for contacting support. Our team is reviewing this and will follow up within 24 hours.,,,0,negative,2,1,ios,EU
TCKT_000267,2022-02-26T14:04:44,CUST_06417,education,web_form,mobile_app,account_access,medium,on_hold,standard,I cannot log in; the system says my password is incorrect.,Sorry to hear you're having trouble accessing your account. Our team is reviewing this and will follow up within 24 hours.,,,0,neutral,3,1,desktop_app,NA
TCKT_000268,2022-12-04T19:59:12,CUST_02661,education,in_app,notifications,feature_request,medium,in_progress,platinum,Our team needs more advanced options for notifications.,Thanks for your feature suggestion. Our team is reviewing this and will follow up within 24 hours.,,,0,very_positive,5,0,ios,APAC
TCKT_000269,2022-10-08T23:30:28,CUST_06539,individual,email,mobile_app,account_access,medium,open,gold,My 2FA code is not working when I try to sign in.,Sorry to hear you're having trouble accessing your account. Our team is reviewing this and will follow up within 24 hours.,,,0,negative,0,0,desktop_app,MEA
TCKT_000270,2023-10-04T09:10:49,CUST_05868,education,chat,data_export,other,high,resolved,standard,"Something seems off, can you please check my workspace?",Thanks for contacting support. We are prioritizing this and will update you as soon as possible.,Provided general guidance and confirmed the issue was resolved.,12.3,0,neutral,3,0,desktop_app,NA
TCKT_000271,2025-03-17T22:38:48,CUST_06643,enterprise,in_app,analytics_dashboard,account_access,medium,resolved,platinum,My account was locked after multiple failed login attempts.,Sorry to hear you're having trouble accessing your account. Our team is reviewing this and will follow up within 24 hours.,Reset account credentials and confirmed successful login.,21.93,0,neutral,4,0,web,NA
TCKT_000272,2025-09-22T17:12:30,CUST_01864,education,phone_transcript,api_integration,feature_request,high,resolved,gold,It would be great to have api integration support in your product.,Thanks for your feature suggestion. We are prioritizing this and will update you as soon as possible.,Captured the request and added it to the product backlog.,21.54,1,negative,2,0,android,MEA
TCKT_000273,2022-04-10T04:42:36,CUST_08183,education,email,login_auth,how_to,low,resolved,gold,How can I export my data from the login auth section?,Happy to help with your question. We will look into this and get back to you within the next 48 hours.,Provided step-by-step instructions and relevant documentation.,54.25,0,positive,0,0,ios,APAC
TCKT_000274,2025-02-26T15:24:49,CUST_03736,education,in_app,billing,feature_request,medium,resolved,gold,Our team needs more advanced options for billing.,Thanks for your feature suggestion. Our team is reviewing this and will follow up within 24 hours.,Captured the request and added it to the product backlog.,47.58,0,neutral,4,1,desktop_app,APAC
TCKT_000275,2024-08-08T10:28:16,CUST_03364,enterprise,web_form,notifications,how_to,high,resolved,standard,Can you explain how to configure notifications properly?,Happy to help with your question. We are prioritizing this and will update you as soon as possible.,Provided step-by-step instructions and relevant documentation.,18.33,0,positive,4,0,android,MEA
TCKT_000276,2023-06-14T14:52:46,CUST_03176,enterprise,web_form,mobile_app,account_access,low,resolved,standard,I cannot log in; the system says my password is incorrect.,Sorry to hear you're having trouble accessing your account. We will look into this and get back to you within the next 48 hours.,Reset account credentials and confirmed successful login.,51.99,0,very_negative,2,0,web,NA
TCKT_000277,2023-05-22T10:47:08,CUST_05410,small_business,web_form,api_integration,security_concern,low,in_progress,gold,There seems to be a vulnerability in the api integration functionality.,We take security very seriously. We will look into this and get back to you within the next 48 hours.,,,0,neutral,0,1,web,APAC
TCKT_000278,2023-04-18T17:44:05,CUST_07356,enterprise,web_form,login_auth,account_access,low,resolved,gold,My account was locked after multiple failed login attempts.,Sorry to hear you're having trouble accessing your account. We will look into this and get back to you within the next 48 hours.,Reset account credentials and confirmed successful login.,21.51,0,positive,4,0,desktop_app,EU
TCKT_000279,2024-12-30T23:08:37,CUST_02781,individual,chat,notifications,how_to,medium,resolved,standard,I need help setting up notifications for my team.,Happy to help with your question. Our team is reviewing this and will follow up within 24 hours.,Provided step-by-step instructions and relevant documentation.,13.65,0,very_negative,0,0,android,LATAM
TCKT_000280,2022-01-18T01:02:22,CUST_00183,individual,phone_transcript,data_export,performance,medium,resolved,standard,Queries in the data export module are timing out.,We understand performance issues can be frustrating. Our team is reviewing this and will follow up within 24 hours.,Optimized queries and increased resource allocation.,31.49,0,very_negative,2,1,web,MEA
TCKT_000281,2024-12-26T20:16:52,CUST_06847,non_profit,phone_transcript,mobile_app,feature_request,low,closed_no_action,gold,Our team needs more advanced options for mobile app.,Thanks for your feature suggestion. We will look into this and get back to you within the next 48 hours.,Ticket closed without further action after no response from the customer.,110.71,0,negative,3,1,android,APAC
TCKT_000282,2025-09-26T09:06:56,CUST_07759,non_profit,chat,billing,billing_problem,low,in_progress,gold,I was charged twice for my subscription this month.,Thanks for reaching out about the billing issue. We will look into this and get back to you within the next 48 hours.,,,0,neutral,3,0,android,LATAM
TCKT_000283,2022-07-09T21:20:40,CUST_02438,individual,phone_transcript,api_integration,performance,low,resolved,standard,Overall performance has degraded in the last few days.,We understand performance issues can be frustrating. We will look into this and get back to you within the next 48 hours.,Optimized queries and increased resource allocation.,14.52,0,negative,0,0,api_client,EU
TCKT_000284,2023-01-17T21:32:19,CUST_09011,non_profit,email,billing,account_access,medium,closed_no_action,standard,My 2FA code is not working when I try to sign in.,Sorry to hear you're having trouble accessing your account. Our team is reviewing this and will follow up within 24 hours.,Ticket closed without further action after no response from the customer.,232.24,0,very_negative,2,0,desktop_app,MEA
TCKT_000285,2022-01-25T18:58:32,CUST_07095,education,web_form,notifications,how_to,low,in_progress,gold,How can I export my data from the notifications section?,Happy to help with your question. We will look into this and get back to you within the next 48 hours.,,,0,positive,5,0,ios,NA
TCKT_000286,2022-11-19T05:41:44,CUST_09822,education,web_form,data_export,performance,low,resolved,gold,The data export page is very slow and takes a long time to load.,We understand performance issues can be frustrating. We will look into this and get back to you within the next 48 hours.,Optimized queries and increased resource allocation.,71.97,0,very_negative,1,0,api_client,MEA
TCKT_000287,2024-10-01T03:04:14,CUST_01520,small_business,chat,analytics_dashboard,bug,low,on_hold,standard,The page keeps crashing whenever I try to open the analytics dashboard section.,Thanks for reporting this bug. We will look into this and get back to you within the next 48 hours.,,,0,very_negative,2,0,api_client,EU
TCKT_000288,2022-02-14T22:17:37,CUST_04425,enterprise,chat,login_auth,performance,high,resolved,gold,Queries in the login auth module are timing out.,We understand performance issues can be frustrating. We are prioritizing this and will update you as soon as possible.,Optimized queries and increased resource allocation.,19.31,0,neutral,0,0,android,APAC
TCKT_000289,2022-02-06T00:04:51,CUST_07171,non_profit,phone_transcript,notifications,how_to,low,resolved,standard,I need help setting up notifications for my team.,Happy to help with your question. We will look into this and get back to you within the next 48 hours.,Provided step-by-step instructions and relevant documentation.,53.65,1,negative,3,0,android,MEA
TCKT_000290,2023-06-22T08:09:20,CUST_04214,enterprise,chat,data_export,account_access,high,resolved,standard,My account was locked after multiple failed login attempts.,Sorry to hear you're having trouble accessing your account. We are prioritizing this and will update you as soon as possible.,Reset account credentials and confirmed successful login.,16.83,1,very_negative,2,1,api_client,NA
TCKT_000291,2023-01-03T11:48:25,CUST_00675,non_profit,chat,api_integration,feature_request,medium,resolved,standard,It would be great to have api integration support in your product.,Thanks for your feature suggestion. Our team is reviewing this and will follow up within 24 hours.,Captured the request and added it to the product backlog.,30.19,1,very_negative,2,0,api_client,MEA
TCKT_000292,2023-09-04T21:14:40,CUST_03924,enterprise,in_app,billing,bug,medium,in_progress,standard,The page keeps crashing whenever I try to open the billing section.,Thanks for reporting this bug. Our team is reviewing this and will follow up within 24 hours.,,,1,negative,3,0,web,MEA
TCKT_000293,2025-07-11T18:30:53,CUST_02793,enterprise,chat,notifications,security_concern,low,in_progress,standard,There seems to be a vulnerability in the notifications functionality.,We take security very seriously. We will look into this and get back to you within the next 48 hours.,,,0,negative,3,0,web,LATAM
TCKT_000294,2023-02-10T02:52:59,CUST_00720,non_profit,phone_transcript,data_export,account_access,low,resolved,platinum,My 2FA code is not working when I try to sign in.,Sorry to hear you're having trouble accessing your account. We will look into this and get back to you within the next 48 hours.,Reset account credentials and confirmed successful login.,62.21,0,very_negative,1,0,android,LATAM
TCKT_000295,2024-09-01T01:38:52,CUST_08836,enterprise,web_form,billing,bug,high,resolved,platinum,The page keeps crashing whenever I try to open the billing section.,Thanks for reporting this bug. We are prioritizing this and will update you as soon as possible.,Patched the bug and deployed a fix to production.,14.88,0,neutral,0,0,desktop_app,LATAM
TCKT_000296,2024-12-02T17:27:03,CUST_08585,education,web_form,login_auth,performance,low,resolved,gold,Queries in the login auth module are timing out.,We understand performance issues can be frustrating. We will look into this and get back to you within the next 48 hours.,Optimized queries and increased resource allocation.,49.25,0,negative,2,1,android,APAC
TCKT_000297,2024-02-25T13:38:49,CUST_00026,enterprise,phone_transcript,analytics_dashboard,feature_request,high,on_hold,standard,Can you add an option to customize analytics dashboard?,Thanks for your feature suggestion. We are prioritizing this and will update you as soon as possible.,,,0,very_positive,5,1,api_client,MEA
TCKT_000298,2024-06-04T18:47:38,CUST_08683,individual,phone_transcript,login_auth,other,high,closed_no_action,standard,I have a general question about my account.,Thanks for contacting support. We are prioritizing this and will update you as soon as possible.,Ticket closed without further action after no response from the customer.,180.6,0,neutral,0,0,ios,LATAM
TCKT_000299,2025-04-25T18:48:17,CUST_07764,small_business,chat,billing,bug,medium,resolved,standard,I am seeing an error message when I click on billing.,Thanks for reporting this bug. Our team is reviewing this and will follow up within 24 hours.,Patched the bug and deployed a fix to production.,46.15,0,neutral,0,0,desktop_app,MEA
TCKT_000300,2023-11-14T23:31:16,CUST_07558,education,chat,notifications,feature_request,low,resolved,standard,Can you add an option to customize notifications?,Thanks for your feature suggestion. We will look into this and get back to you within the next 48 hours.,Captured the request and added it to the product backlog.,42.98,0,neutral,0,0,api_client,APAC
TCKT_000301,2024-12-13T23:45:47,CUST_00493,small_business,chat,analytics_dashboard,other,low,resolved,platinum,"Something seems off, can you please check my workspace?",Thanks for contacting support. We will look into this and get back to you within the next 48 hours.,Provided general guidance and confirmed the issue was resolved.,58.76,0,positive,0,1,ios,LATAM
TCKT_000302,2023-11-24T10:54:26,CUST_09468,individual,email,analytics_dashboard,other,urgent,resolved,platinum,I have a general question about my account.,Thanks for contacting support. This has been escalated to our on-call team for immediate attention.,Provided general guidance and confirmed the issue was resolved.,4.6,0,negative,2,1,android,MEA
TCKT_000303,2023-10-10T16:52:33,CUST_09476,enterprise,email,billing,account_access,high,resolved,standard,My 2FA code is not working when I try to sign in.,Sorry to hear you're having trouble accessing your account. We are prioritizing this and will update you as soon as possible.,Reset account credentials and confirmed successful login.,17.06,0,negative,3,1,api_client,LATAM
TCKT_000304,2023-02-10T03:27:03,CUST_03424,enterprise,in_app,billing,how_to,low,in_progress,standard,I need help setting up billing for my team.,Happy to help with your question. We will look into this and get back to you within the next 48 hours.,,,0,positive,5,0,android,APAC
TCKT_000305,2023-08-25T15:34:32,CUST_02469,enterprise,web_form,mobile_app,bug,low,on_hold,platinum,I am seeing an error message when I click on mobile app.,Thanks for reporting this bug. We will look into this and get back to you within the next 48 hours.,,,0,negative,3,1,web,MEA
TCKT_000306,2023-12-31T22:14:14,CUST_09136,non_profit,chat,mobile_app,account_access,low,resolved,standard,I cannot log in; the system says my password is incorrect.,Sorry to hear you're having trouble accessing your account. We will look into this and get back to you within the next 48 hours.,Reset account credentials and confirmed successful login.,38.78,0,neutral,0,0,desktop_app,MEA
TCKT_000307,2023-10-23T04:52:42,CUST_06690,education,in_app,mobile_app,how_to,urgent,open,gold,How can I export my data from the mobile app section?,Happy to help with your question. This has been escalated to our on-call team for immediate attention.,,,1,neutral,3,1,web,LATAM
TCKT_000308,2022-12-08T06:40:38,CUST_03675,enterprise,phone_transcript,api_integration,performance,low,resolved,platinum,The api integration page is very slow and takes a long time to load.,We understand performance issues can be frustrating. We will look into this and get back to you within the next 48 hours.,Optimized queries and increased resource allocation.,32.72,0,negative,2,1,android,MEA
TCKT_000309,2023-08-19T23:31:56,CUST_03700,non_profit,web_form,api_integration,bug,low,resolved,gold,The page keeps crashing whenever I try to open the api integration section.,Thanks for reporting this bug. We will look into this and get back to you within the next 48 hours.,Patched the bug and deployed a fix to production.,22.64,0,very_positive,0,1,web,EU
TCKT_000310,2025-06-03T06:01:39,CUST_07424,enterprise,web_form,api_integration,other,medium,resolved,standard,I have a general question about my account.,Thanks for contacting support. Our team is reviewing this and will follow up within 24 hours.,Provided general guidance and confirmed the issue was resolved.,37.39,0,negative,2,0,api_client,MEA
TCKT_000311,2025-07-13T13:43:32,CUST_04558,small_business,phone_transcript,api_integration,performance,high,resolved,standard,The api integration page is very slow and takes a long time to load.,We understand performance issues can be frustrating. We are prioritizing this and will update you as soon as possible.,Optimized queries and increased resource allocation.,5.71,0,negative,0,0,desktop_app,MEA
TCKT_000312,2024-08-31T02:51:07,CUST_04571,enterprise,in_app,mobile_app,other,low,closed_no_action,standard,I need help but I'm not sure which category this fits in.,Thanks for contacting support. We will look into this and get back to you within the next 48 hours.,Ticket closed without further action after no response from the customer.,112.43,0,positive,4,0,api_client,APAC
TCKT_000313,2023-03-17T01:34:15,CUST_03076,education,email,mobile_app,performance,low,resolved,standard,Queries in the mobile app module are timing out.,We understand performance issues can be frustrating. We will look into this and get back to you within the next 48 hours.,Optimized queries and increased resource allocation.,26.08,0,negative,0,0,web,LATAM
TCKT_000314,2022-01-01T13:52:56,CUST_03833,non_profit,phone_transcript,notifications,bug,low,on_hold,gold,The notifications feature is not saving my changes.,Thanks for reporting this bug. We will look into this and get back to you within the next 48 hours.,,,1,negative,0,0,desktop_app,APAC
TCKT_000315,2023-01-20T11:29:03,CUST_05811,non_profit,in_app,login_auth,bug,low,in_progress,standard,The login auth feature is not saving my changes.,Thanks for reporting this bug. We will look into this and get back to you within the next 48 hours.,,,0,positive,4,0,desktop_app,EU
TCKT_000316,2024-12-13T18:19:29,CUST_02750,non_profit,in_app,notifications,security_concern,high,in_progress,standard,I noticed a suspicious login on my account.,We take security very seriously. We are prioritizing this and will update you as soon as possible.,,,0,very_negative,1,0,android,NA
TCKT_000317,2022-07-31T04:22:15,CUST_05142,non_profit,email,login_auth,bug,low,resolved,gold,I am seeing an error message when I click on login auth.,Thanks for reporting this bug. We will look into this and get back to you within the next 48 hours.,Patched the bug and deployed a fix to production.,13.02,0,neutral,3,0,ios,LATAM
TCKT_000318,2024-07-25T21:02:08,CUST_03723,small_business,web_form,data_export,billing_problem,medium,resolved,standard,My invoice amount is incorrect compared to the plan I selected.,Thanks for reaching out about the billing issue. Our team is reviewing this and will follow up within 24 hours.,Adjusted the invoice and issued a refund where applicable.,45.77,0,neutral,0,0,api_client,MEA
TCKT_000319,2024-11-09T09:41:18,CUST_09945,education,email,data_export,feature_request,low,closed_no_action,standard,Our team needs more advanced options for data export.,Thanks for your feature suggestion. We will look into this and get back to you within the next 48 hours.,Ticket closed without further action after no response from the customer.,58.35,0,negative,0,1,android,MEA
TCKT_000320,2022-01-07T05:26:17,CUST_00167,enterprise,web_form,api_integration,security_concern,high,on_hold,standard,We need details about your data encryption and compliance.,We take security very seriously. We are prioritizing this and will update you as soon as possible.,,,0,very_negative,0,0,android,LATAM
TCKT_000321,2022-02-23T12:03:00,CUST_01539,non_profit,phone_transcript,api_integration,performance,low,resolved,gold,Queries in the api integration module are timing out.,We understand performance issues can be frustrating. We will look into this and get back to you within the next 48 hours.,Optimized queries and increased resource allocation.,35.86,0,negative,3,0,ios,MEA
TCKT_000322,2024-02-20T03:35:27,CUST_07620,education,chat,login_auth,account_access,low,open,gold,My account was locked after multiple failed login attempts.,Sorry to hear you're having trouble accessing your account. We will look into this and get back to you within the next 48 hours.,,,0,very_negative,2,1,ios,EU
TCKT_000323,2025-10-10T11:56:07,CUST_02973,enterprise,phone_transcript,data_export,billing_problem,high,resolved,platinum,I downgraded my plan but I am still being billed for the higher tier.,Thanks for reaching out about the billing issue. We are prioritizing this and will update you as soon as possible.,Adjusted the invoice and issued a refund where applicable.,2.19,0,negative,3,0,desktop_app,APAC
TCKT_000324,2025-08-30T17:47:41,CUST_08851,education,phone_transcript,api_integration,account_access,low,in_progress,gold,My 2FA code is not working when I try to sign in.,Sorry to hear you're having trouble accessing your account. We will look into this and get back to you within the next 48 hours.,,,0,very_negative,1,0,web,MEA
TCKT_000325,2022-03-17T08:00:56,CUST_04069,non_profit,web_form,analytics_dashboard,performance,low,on_hold,platinum,The analytics dashboard page is very slow and takes a long time to load.,We understand performance issues can be frustrating. We will look into this and get back to you within the next 48 hours.,,,1,positive,4,0,ios,NA
TCKT_000326,2024-10-20T07:49:15,CUST_08161,enterprise,email,mobile_app,other,medium,in_progress,standard,I need help but I'm not sure which category this fits in.,Thanks for contacting support. Our team is reviewing this and will follow up within 24 hours.,,,0,neutral,3,0,ios,LATAM
TCKT_000327,2023-08-08T07:59:00,CUST_06262,small_business,chat,notifications,account_access,low,on_hold,standard,My account was locked after multiple failed login attempts.,Sorry to hear you're having trouble accessing your account. We will look into this and get back to you within the next 48 hours.,,,0,negative,2,0,ios,EU
TCKT_000328,2022-12-12T09:58:27,CUST_06433,individual,in_app,data_export,billing_problem,medium,resolved,gold,I was charged twice for my subscription this month.,Thanks for reaching out about the billing issue. Our team is reviewing this and will follow up within 24 hours.,Adjusted the invoice and issued a refund where applicable.,12.76,0,negative,3,0,web,MEA
TCKT_000329,2022-07-07T12:42:38,CUST_02762,small_business,chat,billing,how_to,high,open,standard,I need help setting up billing for my team.,Happy to help with your question. We are prioritizing this and will update you as soon as possible.,,,0,very_positive,0,0,ios,LATAM
TCKT_000330,2025-04-20T05:54:48,CUST_01989,individual,chat,billing,feature_request,low,resolved,standard,Can you add an option to customize billing?,Thanks for your feature suggestion. We will look into this and get back to you within the next 48 hours.,Captured the request and added it to the product backlog.,41.26,0,negative,3,0,desktop_app,LATAM
TCKT_000331,2022-11-05T18:48:27,CUST_06310,small_business,phone_transcript,mobile_app,account_access,urgent,resolved,standard,My account was locked after multiple failed login attempts.,Sorry to hear you're having trouble accessing your account. This has been escalated to our on-call team for immediate attention.,Reset account credentials and confirmed successful login.,0.7,0,very_positive,0,0,web,NA
TCKT_000332,2025-03-14T10:20:30,CUST_02850,non_profit,chat,api_integration,bug,medium,on_hold,standard,The page keeps crashing whenever I try to open the api integration section.,Thanks for reporting this bug. Our team is reviewing this and will follow up within 24 hours.,,,0,neutral,4,0,desktop_app,EU
TCKT_000333,2022-07-14T18:42:03,CUST_02306,individual,web_form,notifications,other,high,closed_no_action,standard,I have a general question about my account.,Thanks for contacting support. We are prioritizing this and will update you as soon as possible.,Ticket closed without further action after no response from the customer.,57.44,0,very_positive,5,1,ios,NA
TCKT_000334,2025-06-01T00:36:37,CUST_08802,individual,phone_transcript,api_integration,how_to,low,open,gold,I need help setting up api integration for my team.,Happy to help with your question. We will look into this and get back to you within the next 48 hours.,,,0,neutral,3,0,ios,LATAM
TCKT_000335,2025-04-09T19:14:43,CUST_02094,non_profit,in_app,analytics_dashboard,feature_request,low,resolved,platinum,Our team needs more advanced options for analytics dashboard.,Thanks for your feature suggestion. We will look into this and get back to you within the next 48 hours.,Captured the request and added it to the product backlog.,14.52,0,very_negative,1,1,desktop_app,APAC
TCKT_000336,2025-07-13T10:48:56,CUST_03677,small_business,email,mobile_app,feature_request,medium,resolved,platinum,Our team needs more advanced options for mobile app.,Thanks for your feature suggestion. Our team is reviewing this and will follow up within 24 hours.,Captured the request and added it to the product backlog.,14.08,0,neutral,4,1,desktop_app,APAC
TCKT_000337,2023-08-09T02:33:20,CUST_08343,small_business,email,data_export,performance,low,closed_no_action,standard,Overall performance has degraded in the last few days.,We understand performance issues can be frustrating. We will look into this and get back to you within the next 48 hours.,Ticket closed without further action after no response from the customer.,100.89,0,very_negative,0,0,api_client,EU
TCKT_000338,2024-07-09T17:02:41,CUST_03902,small_business,in_app,notifications,security_concern,medium,resolved,standard,We need details about your data encryption and compliance.,We take security very seriously. Our team is reviewing this and will follow up within 24 hours.,"Investigated logs, mitigated the issue, and updated security settings.",45.87,0,neutral,3,0,api_client,APAC
TCKT_000339,2022-10-02T09:01:43,CUST_01994,individual,web_form,data_export,how_to,medium,in_progress,platinum,How can I export my data from the data export section?,Happy to help with your question. Our team is reviewing this and will follow up within 24 hours.,,,0,neutral,3,0,android,LATAM
TCKT_000340,2022-12-19T01:05:28,CUST_00295,enterprise,chat,billing,account_access,low,on_hold,gold,My 2FA code is not working when I try to sign in.,Sorry to hear you're having trouble accessing your account. We will look into this and get back to you within the next 48 hours.,,,0,neutral,3,0,android,LATAM
TCKT_000341,2023-10-06T23:02:18,CUST_05308,enterprise,phone_transcript,mobile_app,bug,high,resolved,standard,I am seeing an error message when I click on mobile app.,Thanks for reporting this bug. We are prioritizing this and will update you as soon as possible.,Patched the bug and deployed a fix to production.,4.32,0,positive,4,0,ios,EU
TCKT_000342,2024-12-25T07:37:28,CUST_06916,individual,email,analytics_dashboard,account_access,medium,resolved,standard,I cannot log in; the system says my password is incorrect.,Sorry to hear you're having trouble accessing your account. Our team is reviewing this and will follow up within 24 hours.,Reset account credentials and confirmed successful login.,5.25,0,very_negative,0,1,desktop_app,MEA
TCKT_000343,2022-05-06T15:08:40,CUST_07553,enterprise,email,data_export,account_access,high,in_progress,standard,My 2FA code is not working when I try to sign in.,Sorry to hear you're having trouble accessing your account. We are prioritizing this and will update you as soon as possible.,,,0,neutral,4,0,api_client,EU
TCKT_000344,2025-12-06T20:19:31,CUST_00803,small_business,chat,analytics_dashboard,feature_request,high,open,platinum,Can you add an option to customize analytics dashboard?,Thanks for your feature suggestion. We are prioritizing this and will update you as soon as possible.,,,0,neutral,3,0,api_client,APAC
TCKT_000345,2024-03-09T03:04:19,CUST_03928,education,in_app,analytics_dashboard,billing_problem,high,on_hold,platinum,I was charged twice for my subscription this month.,Thanks for reaching out about the billing issue. We are prioritizing this and will update you as soon as possible.,,,0,very_positive,5,0,api_client,NA
TCKT_000346,2022-06-29T23:47:50,CUST_07025,non_profit,web_form,api_integration,performance,low,on_hold,standard,The api integration page is very slow and takes a long time to load.,We understand performance issues can be frustrating. We will look into this and get back to you within the next 48 hours.,,,0,negative,0,0,api_client,NA
TCKT_000347,2025-06-17T01:22:24,CUST_06220,individual,in_app,api_integration,billing_problem,high,resolved,standard,I downgraded my plan but I am still being billed for the higher tier.,Thanks for reaching out about the billing issue. We are prioritizing this and will update you as soon as possible.,Adjusted the invoice and issued a refund where applicable.,15.04,0,very_negative,1,0,api_client,EU
TCKT_000348,2024-10-22T08:18:55,CUST_06039,small_business,phone_transcript,notifications,other,medium,resolved,gold,I have a general question about my account.,Thanks for contacting support. Our team is reviewing this and will follow up within 24 hours.,Provided general guidance and confirmed the issue was resolved.,27.4,0,positive,0,0,android,MEA
TCKT_000349,2023-01-31T05:49:49,CUST_07082,education,email,api_integration,other,high,in_progress,gold,I have a general question about my account.,Thanks for contacting support. We are prioritizing this and will update you as soon as possible.,,,0,neutral,0,0,desktop_app,EU
TCKT_000350,2023-06-15T23:00:54,CUST_02295,non_profit,web_form,analytics_dashboard,bug,low,in_progress,standard,The analytics dashboard feature is not saving my changes.,Thanks for reporting this bug. We will look into this and get back to you within the next 48 hours.,,,0,positive,4,0,desktop_app,APAC
TCKT_000351,2025-02-02T03:23:41,CUST_03553,individual,web_form,mobile_app,bug,medium,resolved,gold,The mobile app feature is not saving my changes.,Thanks for reporting this bug. Our team is reviewing this and will follow up within 24 hours.,Patched the bug and deployed a fix to production.,11.55,0,neutral,4,1,android,MEA
TCKT_000352,2023-01-14T12:05:02,CUST_00205,individual,email,analytics_dashboard,performance,medium,resolved,platinum,Queries in the analytics dashboard module are timing out.,We understand performance issues can be frustrating. Our team is reviewing this and will follow up within 24 hours.,Optimized queries and increased resource allocation.,23.32,0,very_positive,5,0,web,MEA
TCKT_000353,2025-01-30T19:47:14,CUST_05127,individual,email,analytics_dashboard,bug,high,closed_no_action,gold,I am seeing an error message when I click on analytics dashboard.,Thanks for reporting this bug. We are prioritizing this and will update you as soon as possible.,Ticket closed without further action after no response from the customer.,156.05,0,positive,4,0,desktop_app,EU
TCKT_000354,2022-02-26T06:05:19,CUST_09360,small_business,web_form,mobile_app,security_concern,low,resolved,standard,We need details about your data encryption and compliance.,We take security very seriously. We will look into this and get back to you within the next 48 hours.,"Investigated logs, mitigated the issue, and updated security settings.",61.51,0,neutral,3,0,desktop_app,LATAM
TCKT_000355,2022-01-17T06:35:50,CUST_00718,individual,in_app,login_auth,performance,medium,resolved,standard,The login auth page is very slow and takes a long time to load.,We understand performance issues can be frustrating. Our team is reviewing this and will follow up within 24 hours.,Optimized queries and increased resource allocation.,25.31,0,very_negative,1,0,android,MEA
TCKT_000356,2024-03-05T00:13:35,CUST_08386,education,in_app,login_auth,billing_problem,low,resolved,standard,I was charged twice for my subscription this month.,Thanks for reaching out about the billing issue. We will look into this and get back to you within the next 48 hours.,Adjusted the invoice and issued a refund where applicable.,42.67,0,very_positive,0,1,web,APAC
TCKT_000357,2022-01-24T07:26:57,CUST_06477,education,in_app,analytics_dashboard,security_concern,high,resolved,platinum,I noticed a suspicious login on my account.,We take security very seriously. We are prioritizing this and will update you as soon as possible.,"Investigated logs, mitigated the issue, and updated security settings.",13.86,0,negative,0,0,android,LATAM
TCKT_000358,2022-11-05T21:12:26,CUST_05627,enterprise,chat,mobile_app,billing_problem,low,open,standard,I downgraded my plan but I am still being billed for the higher tier.,Thanks for reaching out about the billing issue. We will look into this and get back to you within the next 48 hours.,,,0,positive,5,0,web,NA
TCKT_000359,2022-09-22T03:13:31,CUST_00671,education,in_app,notifications,bug,high,resolved,standard,The page keeps crashing whenever I try to open the notifications section.,Thanks for reporting this bug. We are prioritizing this and will update you as soon as possible.,Patched the bug and deployed a fix to production.,2.53,0,positive,4,0,android,NA
TCKT_000360,2024-11-21T00:31:27,CUST_03793,individual,in_app,billing,other,low,in_progress,gold,I need help but I'm not sure which category this fits in.,Thanks for contacting support. We will look into this and get back to you within the next 48 hours.,,,0,neutral,3,0,web,EU
TCKT_000361,2022-04-09T08:25:52,CUST_00991,individual,web_form,analytics_dashboard,billing_problem,medium,resolved,gold,I downgraded my plan but I am still being billed for the higher tier.,Thanks for reaching out about the billing issue. Our team is reviewing this and will follow up within 24 hours.,Adjusted the invoice and issued a refund where applicable.,29.47,0,neutral,0,0,android,NA
TCKT_000362,2024-11-07T01:36:53,CUST_02576,small_business,in_app,mobile_app,billing_problem,low,on_hold,standard,I downgraded my plan but I am still being billed for the higher tier.,Thanks for reaching out about the billing issue. We will look into this and get back to you within the next 48 hours.,,,0,very_negative,2,0,api_client,APAC
TCKT_000363,2025-08-19T03:26:07,CUST_03802,non_profit,in_app,notifications,performance,medium,on_hold,gold,The notifications page is very slow and takes a long time to load.,We understand performance issues can be frustrating. Our team is reviewing this and will follow up within 24 hours.,,,0,neutral,4,0,ios,EU
TCKT_000364,2023-08-08T16:16:02,CUST_02726,non_profit,chat,analytics_dashboard,account_access,medium,in_progress,standard,My 2FA code is not working when I try to sign in.,Sorry to hear you're having trouble accessing your account. Our team is reviewing this and will follow up within 24 hours.,,,0,neutral,4,0,web,MEA
TCKT_000365,2023-12-29T12:16:21,CUST_03047,non_profit,chat,data_export,security_concern,high,resolved,standard,There seems to be a vulnerability in the data export functionality.,We take security very seriously. We are prioritizing this and will update you as soon as possible.,"Investigated logs, mitigated the issue, and updated security settings.",23.62,0,neutral,4,0,desktop_app,NA
TCKT_000366,2025-08-09T19:57:24,CUST_06719,enterprise,web_form,notifications,performance,low,resolved,gold,Queries in the notifications module are timing out.,We understand performance issues can be frustrating. We will look into this and get back to you within the next 48 hours.,Optimized queries and increased resource allocation.,60.76,0,neutral,4,0,desktop_app,LATAM
TCKT_000367,2023-10-15T02:36:42,CUST_08093,small_business,phone_transcript,analytics_dashboard,feature_request,medium,resolved,standard,Our team needs more advanced options for analytics dashboard.,Thanks for your feature suggestion. Our team is reviewing this and will follow up within 24 hours.,Captured the request and added it to the product backlog.,36.91,0,positive,5,0,desktop_app,EU
TCKT_000368,2023-12-04T20:46:34,CUST_00957,small_business,phone_transcript,notifications,feature_request,medium,resolved,gold,Can you add an option to customize notifications?,Thanks for your feature suggestion. Our team is reviewing this and will follow up within 24 hours.,Captured the request and added it to the product backlog.,47.9,0,neutral,0,1,web,MEA
TCKT_000369,2025-01-19T19:07:31,CUST_02965,education,web_form,api_integration,feature_request,high,resolved,standard,Can you add an option to customize api integration?,Thanks for your feature suggestion. We are prioritizing this and will update you as soon as possible.,Captured the request and added it to the product backlog.,16.05,0,neutral,0,0,android,APAC
TCKT_000370,2023-09-04T13:36:31,CUST_06048,small_business,phone_transcript,data_export,how_to,low,resolved,standard,I need help setting up data export for my team.,Happy to help with your question. We will look into this and get back to you within the next 48 hours.,Provided step-by-step instructions and relevant documentation.,68.06,0,neutral,3,0,ios,NA
TCKT_000371,2022-12-01T13:24:14,CUST_08211,non_profit,chat,billing,account_access,medium,resolved,standard,My 2FA code is not working when I try to sign in.,Sorry to hear you're having trouble accessing your account. Our team is reviewing this and will follow up within 24 hours.,Reset account credentials and confirmed successful login.,14.07,0,negative,3,0,api_client,MEA
TCKT_000372,2023-02-06T07:03:26,CUST_01339,individual,email,login_auth,billing_problem,medium,resolved,standard,My invoice amount is incorrect compared to the plan I selected.,Thanks for reaching out about the billing issue. Our team is reviewing this and will follow up within 24 hours.,Adjusted the invoice and issued a refund where applicable.,41.89,0,negative,3,0,android,APAC
TCKT_000373,2024-07-10T10:40:17,CUST_03227,enterprise,email,login_auth,billing_problem,medium,on_hold,platinum,I downgraded my plan but I am still being billed for the higher tier.,Thanks for reaching out about the billing issue. Our team is reviewing this and will follow up within 24 hours.,,,0,very_negative,1,0,web,LATAM
TCKT_000374,2022-12-29T22:01:25,CUST_02506,small_business,in_app,data_export,billing_problem,medium,resolved,gold,My invoice amount is incorrect compared to the plan I selected.,Thanks for reaching out about the billing issue. Our team is reviewing this and will follow up within 24 hours.,Adjusted the invoice and issued a refund where applicable.,22.21,0,very_negative,0,0,android,MEA
TCKT_000375,2023-07-13T23:05:17,CUST_04750,enterprise,phone_transcript,analytics_dashboard,other,low,resolved,standard,I need help but I'm not sure which category this fits in.,Thanks for contacting support. We will look into this and get back to you within the next 48 hours.,Provided general guidance and confirmed the issue was resolved.,18.97,0,neutral,4,0,ios,APAC
TCKT_000376,2024-09-08T13:27:19,CUST_08282,enterprise,phone_transcript,api_integration,other,medium,in_progress,standard,"Something seems off, can you please check my workspace?",Thanks for contacting support. Our team is reviewing this and will follow up within 24 hours.,,,0,negative,3,1,web,LATAM
TCKT_000377,2022-01-17T13:01:30,CUST_07176,enterprise,chat,mobile_app,performance,low,in_progress,platinum,Overall performance has degraded in the last few days.,We understand performance issues can be frustrating. We will look into this and get back to you within the next 48 hours.,,,0,neutral,0,0,web,MEA
TCKT_000378,2022-03-20T07:52:47,CUST_07213,small_business,chat,billing,account_access,urgent,resolved,standard,My account was locked after multiple failed login attempts.,Sorry to hear you're having trouble accessing your account. This has been escalated to our on-call team for immediate attention.,Reset account credentials and confirmed successful login.,6.42,0,positive,0,1,api_client,MEA
TCKT_000379,2022-07-04T12:21:36,CUST_03295,education,phone_transcript,login_auth,billing_problem,urgent,resolved,gold,My invoice amount is incorrect compared to the plan I selected.,Thanks for reaching out about the billing issue. This has been escalated to our on-call team for immediate attention.,Adjusted the invoice and issued a refund where applicable.,0.59,0,negative,0,0,android,LATAM
TCKT_000380,2023-03-14T07:43:59,CUST_06954,non_profit,chat,analytics_dashboard,performance,high,open,standard,Overall performance has degraded in the last few days.,We understand performance issues can be frustrating. We are prioritizing this and will update you as soon as possible.,,,0,very_negative,0,0,desktop_app,LATAM
TCKT_000381,2024-07-11T17:31:17,CUST_02776,education,chat,data_export,performance,low,in_progress,standard,The data export page is very slow and takes a long time to load.,We understand performance issues can be frustrating. We will look into this and get back to you within the next 48 hours.,,,0,very_positive,5,0,android,MEA
TCKT_000382,2025-11-11T04:55:19,CUST_01943,education,chat,api_integration,bug,high,on_hold,standard,The api integration feature is not saving my changes.,Thanks for reporting this bug. We are prioritizing this and will update you as soon as possible.,,,0,negative,0,0,web,NA
TCKT_000383,2024-06-01T01:40:12,CUST_01037,individual,email,analytics_dashboard,feature_request,low,in_progress,gold,Our team needs more advanced options for analytics dashboard.,Thanks for your feature suggestion. We will look into this and get back to you within the next 48 hours.,,,0,negative,2,0,android,NA
TCKT_000384,2022-08-29T05:54:29,CUST_07543,small_business,email,login_auth,other,medium,resolved,standard,"Something seems off, can you please check my workspace?",Thanks for contacting support. Our team is reviewing this and will follow up within 24 hours.,Provided general guidance and confirmed the issue was resolved.,25.05,0,positive,5,0,web,MEA
TCKT_000385,2024-08-06T16:28:45,CUST_05463,non_profit,web_form,data_export,other,low,resolved,standard,I have a general question about my account.,Thanks for contacting support. We will look into this and get back to you within the next 48 hours.,Provided general guidance and confirmed the issue was resolved.,60.63,0,very_negative,1,0,web,MEA
TCKT_000386,2024-03-05T17:51:13,CUST_05068,non_profit,web_form,billing,bug,high,resolved,standard,The billing feature is not saving my changes.,Thanks for reporting this bug. We are prioritizing this and will update you as soon as possible.,Patched the bug and deployed a fix to production.,13.37,0,positive,4,1,ios,MEA
TCKT_000387,2025-02-05T09:54:28,CUST_05202,enterprise,email,api_integration,security_concern,medium,resolved,standard,I noticed a suspicious login on my account.,We take security very seriously. Our team is reviewing this and will follow up within 24 hours.,"Investigated logs, mitigated the issue, and updated security settings.",34.23,0,neutral,0,1,web,NA
TCKT_000388,2023-07-03T08:02:46,CUST_00187,non_profit,chat,login_auth,billing_problem,high,in_progress,standard,I downgraded my plan but I am still being billed for the higher tier.,Thanks for reaching out about the billing issue. We are prioritizing this and will update you as soon as possible.,,,0,very_positive,0,0,api_client,APAC
TCKT_000389,2024-11-03T16:12:09,CUST_00270,enterprise,phone_transcript,notifications,security_concern,medium,in_progress,standard,I noticed a suspicious login on my account.,We take security very seriously. Our team is reviewing this and will follow up within 24 hours.,,,0,negative,3,0,ios,LATAM
TCKT_000390,2023-03-26T23:48:04,CUST_09950,education,in_app,login_auth,billing_problem,high,resolved,standard,My invoice amount is incorrect compared to the plan I selected.,Thanks for reaching out about the billing issue. We are prioritizing this and will update you as soon as possible.,Adjusted the invoice and issued a refund where applicable.,21.77,0,neutral,3,1,web,NA
TCKT_000391,2022-05-20T02:40:31,CUST_04483,individual,web_form,analytics_dashboard,security_concern,high,on_hold,gold,There seems to be a vulnerability in the analytics dashboard functionality.,We take security very seriously. We are prioritizing this and will update you as soon as possible.,,,0,negative,3,1,desktop_app,NA
TCKT_000392,2024-09-24T21:17:08,CUST_03559,individual,chat,billing,other,medium,resolved,gold,"Something seems off, can you please check my workspace?",Thanks for contacting support. Our team is reviewing this and will follow up within 24 hours.,Provided general guidance and confirmed the issue was resolved.,30.41,0,very_negative,1,0,ios,MEA
TCKT_000393,2023-01-07T07:19:42,CUST_01997,individual,in_app,billing,billing_problem,low,resolved,platinum,I was charged twice for my subscription this month.,Thanks for reaching out about the billing issue. We will look into this and get back to you within the next 48 hours.,Adjusted the invoice and issued a refund where applicable.,10.56,0,negative,0,0,api_client,LATAM
TCKT_000394,2022-11-16T21:30:12,CUST_09713,enterprise,email,billing,account_access,high,resolved,gold,My account was locked after multiple failed login attempts.,Sorry to hear you're having trouble accessing your account. We are prioritizing this and will update you as soon as possible.,Reset account credentials and confirmed successful login.,18.49,0,negative,2,0,api_client,NA
TCKT_000395,2024-01-19T06:59:41,CUST_02829,small_business,phone_transcript,billing,billing_problem,medium,resolved,standard,I downgraded my plan but I am still being billed for the higher tier.,Thanks for reaching out about the billing issue. Our team is reviewing this and will follow up within 24 hours.,Adjusted the invoice and issued a refund where applicable.,32.45,0,very_negative,2,0,android,LATAM
TCKT_000396,2024-08-02T03:32:38,CUST_07070,individual,phone_transcript,login_auth,billing_problem,medium,resolved,gold,I downgraded my plan but I am still being billed for the higher tier.,Thanks for reaching out about the billing issue. Our team is reviewing this and will follow up within 24 hours.,Adjusted the invoice and issued a refund where applicable.,11.07,0,very_negative,1,0,desktop_app,MEA
TCKT_000397,2025-03-08T06:40:44,CUST_07118,enterprise,web_form,notifications,feature_request,high,in_progress,platinum,Our team needs more advanced options for notifications.,Thanks for your feature suggestion. We are prioritizing this and will update you as soon as possible.,,,0,positive,5,0,web,MEA
TCKT_000398,2022-01-25T04:10:18,CUST_06417,enterprise,email,billing,security_concern,low,resolved,gold,I noticed a suspicious login on my account.,We take security very seriously. We will look into this and get back to you within the next 48 hours.,"Investigated logs, mitigated the issue, and updated security settings.",61.44,1,positive,5,0,web,APAC
TCKT_000399,2025-05-14T14:46:13,CUST_05832,non_profit,in_app,api_integration,security_concern,high,in_progress,standard,We need details about your data encryption and compliance.,We take security very seriously. We are prioritizing this and will update you as soon as possible.,,,1,very_negative,1,0,web,APAC
TCKT_000400,2022-06-26T02:16:26,CUST_08465,education,web_form,login_auth,performance,medium,in_progress,standard,Queries in the login auth module are timing out.,We understand performance issues can be frustrating. Our team is reviewing this and will follow up within 24 hours.,,,0,neutral,4,0,desktop_app,LATAM
TCKT_000401,2022-01-19T04:42:18,CUST_02106,small_business,in_app,data_export,security_concern,medium,resolved,standard,I noticed a suspicious login on my account.,We take security very seriously. Our team is reviewing this and will follow up within 24 hours.,"Investigated logs, mitigated the issue, and updated security settings.",19.26,0,negative,3,1,api_client,APAC
TCKT_000402,2022-09-21T08:55:22,CUST_04892,small_business,email,billing,account_access,low,on_hold,gold,I cannot log in; the system says my password is incorrect.,Sorry to hear you're having trouble accessing your account. We will look into this and get back to you within the next 48 hours.,,,0,positive,0,0,desktop_app,EU
TCKT_000403,2023-03-06T05:41:46,CUST_00184,education,phone_transcript,mobile_app,how_to,medium,in_progress,platinum,How can I export my data from the mobile app section?,Happy to help with your question. Our team is reviewing this and will follow up within 24 hours.,,,1,neutral,4,1,web,APAC
TCKT_000404,2022-02-28T12:22:49,CUST_09108,education,phone_transcript,notifications,account_access,high,resolved,platinum,I cannot log in; the system says my password is incorrect.,Sorry to hear you're having trouble accessing your account. We are prioritizing this and will update you as soon as possible.,Reset account credentials and confirmed successful login.,19.8,1,neutral,0,1,android,NA
TCKT_000405,2022-12-28T13:44:20,CUST_06306,small_business,web_form,analytics_dashboard,security_concern,high,on_hold,gold,I noticed a suspicious login on my account.,We take security very seriously. We are prioritizing this and will update you as soon as possible.,,,0,negative,0,0,web,NA
TCKT_000406,2023-06-29T22:03:45,CUST_04766,enterprise,in_app,billing,performance,high,resolved,gold,Overall performance has degraded in the last few days.,We understand performance issues can be frustrating. We are prioritizing this and will update you as soon as possible.,Optimized queries and increased resource allocation.,19.92,0,very_negative,2,0,web,APAC
TCKT_000407,2024-07-18T04:30:49,CUST_02926,education,web_form,notifications,how_to,medium,resolved,standard,Can you explain how to configure notifications properly?,Happy to help with your question. Our team is reviewing this and will follow up within 24 hours.,Provided step-by-step instructions and relevant documentation.,9.13,0,neutral,4,1,api_client,EU
TCKT_000408,2024-07-29T08:59:06,CUST_08722,non_profit,in_app,login_auth,security_concern,low,resolved,standard,I noticed a suspicious login on my account.,We take security very seriously. We will look into this and get back to you within the next 48 hours.,"Investigated logs, mitigated the issue, and updated security settings.",52.78,1,negative,3,0,android,APAC
TCKT_000409,2024-09-07T19:38:36,CUST_04288,enterprise,phone_transcript,analytics_dashboard,feature_request,low,resolved,standard,It would be great to have analytics dashboard support in your product.,Thanks for your feature suggestion. We will look into this and get back to you within the next 48 hours.,Captured the request and added it to the product backlog.,15.6,0,very_positive,0,0,android,LATAM
TCKT_000410,2024-09-27T00:07:28,CUST_08552,enterprise,web_form,mobile_app,other,low,resolved,standard,I have a general question about my account.,Thanks for contacting support. We will look into this and get back to you within the next 48 hours.,Provided general guidance and confirmed the issue was resolved.,14.61,0,negative,2,1,ios,APAC
TCKT_000411,2024-05-09T21:12:59,CUST_03962,small_business,web_form,api_integration,billing_problem,high,open,gold,My invoice amount is incorrect compared to the plan I selected.,Thanks for reaching out about the billing issue. We are prioritizing this and will update you as soon as possible.,,,0,very_negative,0,1,web,EU
TCKT_000412,2025-03-18T11:46:08,CUST_05559,enterprise,email,analytics_dashboard,performance,low,closed_no_action,standard,Queries in the analytics dashboard module are timing out.,We understand performance issues can be frustrating. We will look into this and get back to you within the next 48 hours.,Ticket closed without further action after no response from the customer.,53.78,0,neutral,3,0,desktop_app,APAC
TCKT_000413,2022-12-18T09:46:20,CUST_06846,education,phone_transcript,analytics_dashboard,feature_request,high,on_hold,standard,Can you add an option to customize analytics dashboard?,Thanks for your feature suggestion. We are prioritizing this and will update you as soon as possible.,,,0,negative,3,0,ios,MEA
TCKT_000414,2025-08-06T11:07:57,CUST_09455,small_business,web_form,mobile_app,feature_request,low,resolved,gold,Can you add an option to customize mobile app?,Thanks for your feature suggestion. We will look into this and get back to you within the next 48 hours.,Captured the request and added it to the product backlog.,58.02,1,neutral,0,0,ios,APAC
TCKT_000415,2023-12-01T08:05:13,CUST_07985,education,in_app,notifications,billing_problem,medium,resolved,platinum,My invoice amount is incorrect compared to the plan I selected.,Thanks for reaching out about the billing issue. Our team is reviewing this and will follow up within 24 hours.,Adjusted the invoice and issued a refund where applicable.,17.72,0,very_negative,2,0,desktop_app,APAC
TCKT_000416,2025-09-16T18:25:17,CUST_09678,education,phone_transcript,billing,billing_problem,low,resolved,standard,I downgraded my plan but I am still being billed for the higher tier.,Thanks for reaching out about the billing issue. We will look into this and get back to you within the next 48 hours.,Adjusted the invoice and issued a refund where applicable.,47.22,0,positive,4,1,api_client,EU
TCKT_000417,2025-06-01T21:03:30,CUST_08096,non_profit,email,data_export,other,high,open,standard,I need help but I'm not sure which category this fits in.,Thanks for contacting support. We are prioritizing this and will update you as soon as possible.,,,0,neutral,4,0,android,LATAM
TCKT_000418,2022-12-11T02:53:00,CUST_09344,enterprise,email,notifications,security_concern,medium,open,standard,There seems to be a vulnerability in the notifications functionality.,We take security very seriously. Our team is reviewing this and will follow up within 24 hours.,,,0,very_negative,0,1,desktop_app,EU
TCKT_000419,2023-10-05T21:31:24,CUST_09500,enterprise,chat,mobile_app,feature_request,medium,resolved,standard,Our team needs more advanced options for mobile app.,Thanks for your feature suggestion. Our team is reviewing this and will follow up within 24 hours.,Captured the request and added it to the product backlog.,17.98,0,very_positive,0,0,desktop_app,LATAM
TCKT_000420,2024-07-31T17:26:30,CUST_03576,individual,web_form,api_integration,other,medium,on_hold,standard,I need help but I'm not sure which category this fits in.,Thanks for contacting support. Our team is reviewing this and will follow up within 24 hours.,,,0,negative,0,1,desktop_app,MEA
TCKT_000421,2025-01-08T23:03:56,CUST_00423,non_profit,web_form,api_integration,bug,medium,resolved,standard,I am seeing an error message when I click on api integration.,Thanks for reporting this bug. Our team is reviewing this and will follow up within 24 hours.,Patched the bug and deployed a fix to production.,40.65,0,neutral,4,0,api_client,MEA
TCKT_000422,2022-01-24T17:27:33,CUST_08480,individual,email,notifications,billing_problem,medium,in_progress,standard,I downgraded my plan but I am still being billed for the higher tier.,Thanks for reaching out about the billing issue. Our team is reviewing this and will follow up within 24 hours.,,,0,negative,3,1,ios,EU
TCKT_000423,2024-12-29T13:21:06,CUST_03178,non_profit,email,api_integration,security_concern,low,closed_no_action,platinum,We need details about your data encryption and compliance.,We take security very seriously. We will look into this and get back to you within the next 48 hours.,Ticket closed without further action after no response from the customer.,109.35,0,neutral,4,0,desktop_app,NA
TCKT_000424,2023-01-04T02:02:40,CUST_04052,individual,email,mobile_app,billing_problem,low,resolved,standard,I downgraded my plan but I am still being billed for the higher tier.,Thanks for reaching out about the billing issue. We will look into this and get back to you within the next 48 hours.,Adjusted the invoice and issued a refund where applicable.,57.93,0,very_positive,0,0,api_client,MEA
TCKT_000425,2025-03-01T09:25:14,CUST_09033,non_profit,in_app,login_auth,other,low,resolved,standard,"Something seems off, can you please check my workspace?",Thanks for contacting support. We will look into this and get back to you within the next 48 hours.,Provided general guidance and confirmed the issue was resolved.,27.66,0,neutral,4,0,desktop_app,LATAM
TCKT_000426,2022-08-25T05:41:02,CUST_03097,non_profit,in_app,login_auth,performance,high,resolved,gold,The login auth page is very slow and takes a long time to load.,We understand performance issues can be frustrating. We are prioritizing this and will update you as soon as possible.,Optimized queries and increased resource allocation.,8.83,0,neutral,0,0,desktop_app,NA
TCKT_000427,2023-12-13T05:26:33,CUST_05579,enterprise,web_form,billing,how_to,low,resolved,platinum,Can you explain how to configure billing properly?,Happy to help with your question. We will look into this and get back to you within the next 48 hours.,Provided step-by-step instructions and relevant documentation.,16.67,1,neutral,4,0,android,APAC
TCKT_000428,2025-07-26T07:36:26,CUST_05451,enterprise,phone_transcript,analytics_dashboard,billing_problem,medium,open,gold,I downgraded my plan but I am still being billed for the higher tier.,Thanks for reaching out about the billing issue. Our team is reviewing this and will follow up within 24 hours.,,,0,neutral,3,0,desktop_app,APAC
TCKT_000429,2023-03-24T18:57:51,CUST_02346,education,email,analytics_dashboard,other,medium,on_hold,platinum,"Something seems off, can you please check my workspace?",Thanks for contacting support. Our team is reviewing this and will follow up within 24 hours.,,,0,neutral,0,0,web,APAC
TCKT_000430,2025-12-24T16:36:22,CUST_01903,individual,email,billing,performance,medium,in_progress,standard,Queries in the billing module are timing out.,We understand performance issues can be frustrating. Our team is reviewing this and will follow up within 24 hours.,,,0,negative,0,0,web,EU
TCKT_000431,2023-04-12T16:47:31,CUST_08712,small_business,in_app,login_auth,feature_request,high,open,standard,Can you add an option to customize login auth?,Thanks for your feature suggestion. We are prioritizing this and will update you as soon as possible.,,,0,neutral,4,0,api_client,LATAM
TCKT_000432,2022-11-22T10:00:38,CUST_06125,education,chat,notifications,security_concern,high,resolved,gold,There seems to be a vulnerability in the notifications functionality.,We take security very seriously. We are prioritizing this and will update you as soon as possible.,"Investigated logs, mitigated the issue, and updated security settings.",12.14,0,neutral,3,0,android,EU
TCKT_000433,2023-05-21T02:27:38,CUST_07479,education,web_form,billing,billing_problem,low,in_progress,standard,My invoice amount is incorrect compared to the plan I selected.,Thanks for reaching out about the billing issue. We will look into this and get back to you within the next 48 hours.,,,0,negative,3,0,api_client,LATAM
TCKT_000434,2025-01-15T11:01:49,CUST_00045,education,email,data_export,billing_problem,low,resolved,standard,I was charged twice for my subscription this month.,Thanks for reaching out about the billing issue. We will look into this and get back to you within the next 48 hours.,Adjusted the invoice and issued a refund where applicable.,70.47,0,negative,2,1,ios,NA
TCKT_000435,2022-09-09T05:37:22,CUST_06383,non_profit,email,notifications,feature_request,high,in_progress,standard,Can you add an option to customize notifications?,Thanks for your feature suggestion. We are prioritizing this and will update you as soon as possible.,,,0,negative,0,0,ios,EU
TCKT_000436,2024-08-28T12:39:49,CUST_01860,education,email,mobile_app,other,low,open,platinum,I need help but I'm not sure which category this fits in.,Thanks for contacting support. We will look into this and get back to you within the next 48 hours.,,,0,negative,2,0,ios,MEA
TCKT_000437,2023-08-04T09:51:30,CUST_05309,education,in_app,analytics_dashboard,how_to,medium,closed_no_action,gold,I need help setting up analytics dashboard for my team.,Happy to help with your question. Our team is reviewing this and will follow up within 24 hours.,Ticket closed without further action after no response from the customer.,117.82,0,neutral,4,0,ios,LATAM
TCKT_000438,2023-11-29T08:30:37,CUST_00245,non_profit,chat,notifications,account_access,medium,in_progress,standard,My account was locked after multiple failed login attempts.,Sorry to hear you're having trouble accessing your account. Our team is reviewing this and will follow up within 24 hours.,,,0,very_negative,1,1,api_client,NA
TCKT_000439,2024-01-12T08:20:48,CUST_01372,small_business,phone_transcript,billing,billing_problem,low,resolved,gold,My invoice amount is incorrect compared to the plan I selected.,Thanks for reaching out about the billing issue. We will look into this and get back to you within the next 48 hours.,Adjusted the invoice and issued a refund where applicable.,58.65,0,neutral,3,0,web,EU
TCKT_000440,2024-05-24T08:22:02,CUST_07499,enterprise,chat,api_integration,security_concern,high,on_hold,gold,We need details about your data encryption and compliance.,We take security very seriously. We are prioritizing this and will update you as soon as possible.,,,1,negative,3,1,api_client,EU
TCKT_000441,2022-06-04T03:21:55,CUST_07846,non_profit,web_form,analytics_dashboard,feature_request,low,open,standard,Can you add an option to customize analytics dashboard?,Thanks for your feature suggestion. We will look into this and get back to you within the next 48 hours.,,,0,very_positive,5,0,api_client,EU
TCKT_000442,2022-02-23T16:37:02,CUST_01270,non_profit,chat,analytics_dashboard,account_access,low,resolved,gold,I cannot log in; the system says my password is incorrect.,Sorry to hear you're having trouble accessing your account. We will look into this and get back to you within the next 48 hours.,Reset account credentials and confirmed successful login.,10.88,0,neutral,4,0,android,APAC
TCKT_000443,2022-03-10T22:03:52,CUST_04684,education,in_app,billing,performance,low,resolved,gold,The billing page is very slow and takes a long time to load.,We understand performance issues can be frustrating. We will look into this and get back to you within the next 48 hours.,Optimized queries and increased resource allocation.,61.89,0,negative,2,1,desktop_app,EU
TCKT_000444,2023-12-31T20:20:42,CUST_01410,small_business,web_form,api_integration,other,medium,closed_no_action,standard,"Something seems off, can you please check my workspace?",Thanks for contacting support. Our team is reviewing this and will follow up within 24 hours.,Ticket closed without further action after no response from the customer.,216.32,0,neutral,4,0,desktop_app,LATAM
TCKT_000445,2025-09-20T02:26:44,CUST_07826,education,web_form,login_auth,how_to,low,resolved,gold,Can you explain how to configure login auth properly?,Happy to help with your question. We will look into this and get back to you within the next 48 hours.,Provided step-by-step instructions and relevant documentation.,17.64,0,very_positive,5,0,web,EU
TCKT_000446,2025-06-29T19:51:24,CUST_04536,enterprise,email,mobile_app,billing_problem,high,resolved,gold,I downgraded my plan but I am still being billed for the higher tier.,Thanks for reaching out about the billing issue. We are prioritizing this and will update you as soon as possible.,Adjusted the invoice and issued a refund where applicable.,22.76,0,negative,0,1,ios,EU
TCKT_000447,2022-10-05T14:40:03,CUST_05875,education,in_app,data_export,other,medium,open,gold,I need help but I'm not sure which category this fits in.,Thanks for contacting support. Our team is reviewing this and will follow up within 24 hours.,,,0,neutral,4,1,api_client,NA
TCKT_000448,2022-02-16T10:53:02,CUST_05676,non_profit,email,mobile_app,performance,high,resolved,standard,Queries in the mobile app module are timing out.,We understand performance issues can be frustrating. We are prioritizing this and will update you as soon as possible.,Optimized queries and increased resource allocation.,8.32,0,positive,5,1,web,LATAM
TCKT_000449,2022-01-02T12:38:56,CUST_01269,non_profit,chat,analytics_dashboard,how_to,medium,on_hold,standard,Can you explain how to configure analytics dashboard properly?,Happy to help with your question. Our team is reviewing this and will follow up within 24 hours.,,,0,very_negative,2,0,android,APAC
TCKT_000450,2025-03-28T12:03:16,CUST_00326,individual,web_form,mobile_app,performance,high,on_hold,gold,The mobile app page is very slow and takes a long time to load.,We understand performance issues can be frustrating. We are prioritizing this and will update you as soon as possible.,,,0,very_positive,0,0,desktop_app,NA
TCKT_000451,2023-10-10T00:04:59,CUST_07755,small_business,chat,notifications,performance,high,closed_no_action,standard,Queries in the notifications module are timing out.,We understand performance issues can be frustrating. We are prioritizing this and will update you as soon as possible.,Ticket closed without further action after no response from the customer.,42.93,0,very_negative,1,0,api_client,LATAM
TCKT_000452,2025-05-02T14:25:50,CUST_08321,small_business,in_app,login_auth,billing_problem,medium,resolved,gold,I was charged twice for my subscription this month.,Thanks for reaching out about the billing issue. Our team is reviewing this and will follow up within 24 hours.,Adjusted the invoice and issued a refund where applicable.,17.87,0,very_negative,1,1,web,MEA
TCKT_000453,2023-05-20T04:53:39,CUST_01645,enterprise,in_app,mobile_app,feature_request,low,resolved,standard,Can you add an option to customize mobile app?,Thanks for your feature suggestion. We will look into this and get back to you within the next 48 hours.,Captured the request and added it to the product backlog.,71.66,1,negative,2,0,ios,APAC
TCKT_000454,2022-10-03T01:58:11,CUST_02159,non_profit,phone_transcript,notifications,how_to,medium,resolved,standard,How can I export my data from the notifications section?,Happy to help with your question. Our team is reviewing this and will follow up within 24 hours.,Provided step-by-step instructions and relevant documentation.,9.52,0,very_positive,0,0,desktop_app,NA
TCKT_000455,2023-05-19T06:54:19,CUST_04233,enterprise,chat,data_export,feature_request,low,open,standard,It would be great to have data export support in your product.,Thanks for your feature suggestion. We will look into this and get back to you within the next 48 hours.,,,1,neutral,4,0,android,APAC
TCKT_000456,2025-07-31T02:40:10,CUST_02658,small_business,web_form,analytics_dashboard,feature_request,medium,resolved,standard,Our team needs more advanced options for analytics dashboard.,Thanks for your feature suggestion. Our team is reviewing this and will follow up within 24 hours.,Captured the request and added it to the product backlog.,17.54,0,positive,5,1,ios,LATAM
TCKT_000457,2024-07-15T08:43:26,CUST_00376,education,web_form,billing,how_to,low,closed_no_action,platinum,I need help setting up billing for my team.,Happy to help with your question. We will look into this and get back to you within the next 48 hours.,Ticket closed without further action after no response from the customer.,175.29,0,positive,4,1,api_client,APAC
TCKT_000458,2022-06-12T17:01:11,CUST_04816,enterprise,web_form,analytics_dashboard,performance,low,resolved,gold,Queries in the analytics dashboard module are timing out.,We understand performance issues can be frustrating. We will look into this and get back to you within the next 48 hours.,Optimized queries and increased resource allocation.,29.21,0,neutral,3,0,web,NA
TCKT_000459,2025-07-30T02:43:39,CUST_07383,education,phone_transcript,notifications,how_to,high,on_hold,standard,Can you explain how to configure notifications properly?,Happy to help with your question. We are prioritizing this and will update you as soon as possible.,,,0,neutral,3,0,desktop_app,EU
TCKT_000460,2022-10-10T00:09:49,CUST_03619,education,chat,analytics_dashboard,account_access,medium,closed_no_action,standard,My 2FA code is not working when I try to sign in.,Sorry to hear you're having trouble accessing your account. Our team is reviewing this and will follow up within 24 hours.,Ticket closed without further action after no response from the customer.,100.62,0,negative,0,0,ios,APAC
TCKT_000461,2023-09-03T03:56:25,CUST_00507,non_profit,in_app,login_auth,other,medium,resolved,gold,"Something seems off, can you please check my workspace?",Thanks for contacting support. Our team is reviewing this and will follow up within 24 hours.,Provided general guidance and confirmed the issue was resolved.,6.7,0,positive,5,1,web,NA
TCKT_000462,2025-04-21T09:07:21,CUST_01465,individual,web_form,billing,how_to,medium,resolved,standard,How can I export my data from the billing section?,Happy to help with your question. Our team is reviewing this and will follow up within 24 hours.,Provided step-by-step instructions and relevant documentation.,18.88,1,negative,3,0,desktop_app,LATAM
TCKT_000463,2023-06-16T19:43:49,CUST_08922,individual,web_form,login_auth,feature_request,low,open,standard,Our team needs more advanced options for login auth.,Thanks for your feature suggestion. We will look into this and get back to you within the next 48 hours.,,,0,negative,0,0,ios,EU
TCKT_000464,2024-04-14T03:39:38,CUST_05931,enterprise,email,data_export,performance,medium,closed_no_action,standard,Overall performance has degraded in the last few days.,We understand performance issues can be frustrating. Our team is reviewing this and will follow up within 24 hours.,Ticket closed without further action after no response from the customer.,88.01,0,very_negative,0,0,web,APAC
TCKT_000465,2024-06-19T12:31:12,CUST_03623,small_business,email,analytics_dashboard,account_access,high,resolved,standard,My account was locked after multiple failed login attempts.,Sorry to hear you're having trouble accessing your account. We are prioritizing this and will update you as soon as possible.,Reset account credentials and confirmed successful login.,20.05,0,very_negative,2,0,android,LATAM
TCKT_000466,2025-07-02T15:52:57,CUST_00693,individual,email,billing,billing_problem,low,resolved,standard,My invoice amount is incorrect compared to the plan I selected.,Thanks for reaching out about the billing issue. We will look into this and get back to you within the next 48 hours.,Adjusted the invoice and issued a refund where applicable.,71.22,1,negative,3,0,web,EU
TCKT_000467,2024-03-20T10:43:48,CUST_07934,non_profit,chat,api_integration,other,high,resolved,standard,I have a general question about my account.,Thanks for contacting support. We are prioritizing this and will update you as soon as possible.,Provided general guidance and confirmed the issue was resolved.,19.62,0,very_positive,0,1,web,APAC
TCKT_000468,2022-04-04T19:01:10,CUST_09757,individual,web_form,data_export,feature_request,low,in_progress,standard,Can you add an option to customize data export?,Thanks for your feature suggestion. We will look into this and get back to you within the next 48 hours.,,,0,positive,5,1,web,EU
TCKT_000469,2024-12-21T05:55:29,CUST_09964,education,email,data_export,how_to,high,closed_no_action,gold,How can I export my data from the data export section?,Happy to help with your question. We are prioritizing this and will update you as soon as possible.,Ticket closed without further action after no response from the customer.,66.53,0,neutral,0,0,ios,APAC
TCKT_000470,2022-10-06T19:49:43,CUST_01474,enterprise,chat,analytics_dashboard,feature_request,high,resolved,gold,Our team needs more advanced options for analytics dashboard.,Thanks for your feature suggestion. We are prioritizing this and will update you as soon as possible.,Captured the request and added it to the product backlog.,14.77,0,neutral,4,0,android,NA
TCKT_000471,2023-12-14T09:26:10,CUST_09847,non_profit,in_app,billing,feature_request,medium,open,gold,Can you add an option to customize billing?,Thanks for your feature suggestion. Our team is reviewing this and will follow up within 24 hours.,,,0,positive,4,1,ios,EU
TCKT_000472,2023-05-26T14:56:38,CUST_09082,small_business,web_form,api_integration,other,low,resolved,standard,I have a general question about my account.,Thanks for contacting support. We will look into this and get back to you within the next 48 hours.,Provided general guidance and confirmed the issue was resolved.,19.81,0,negative,3,0,web,NA
TCKT_000473,2024-01-12T10:39:24,CUST_03139,small_business,email,api_integration,security_concern,low,resolved,standard,We need details about your data encryption and compliance.,We take security very seriously. We will look into this and get back to you within the next 48 hours.,"Investigated logs, mitigated the issue, and updated security settings.",40.36,0,very_negative,0,0,desktop_app,APAC
TCKT_000474,2022-05-31T19:07:27,CUST_03900,small_business,chat,mobile_app,how_to,low,in_progress,platinum,How can I export my data from the mobile app section?,Happy to help with your question. We will look into this and get back to you within the next 48 hours.,,,0,positive,5,0,api_client,MEA
TCKT_000475,2023-12-14T14:30:24,CUST_02314,non_profit,in_app,mobile_app,bug,high,resolved,standard,The mobile app feature is not saving my changes.,Thanks for reporting this bug. We are prioritizing this and will update you as soon as possible.,Patched the bug and deployed a fix to production.,2.78,0,negative,0,0,ios,EU
TCKT_000476,2025-09-09T00:30:32,CUST_08612,non_profit,in_app,api_integration,billing_problem,low,closed_no_action,gold,I downgraded my plan but I am still being billed for the higher tier.,Thanks for reaching out about the billing issue. We will look into this and get back to you within the next 48 hours.,Ticket closed without further action after no response from the customer.,228.98,0,very_negative,2,0,desktop_app,APAC
TCKT_000477,2023-11-09T04:23:26,CUST_05561,individual,chat,analytics_dashboard,security_concern,low,on_hold,gold,I noticed a suspicious login on my account.,We take security very seriously. We will look into this and get back to you within the next 48 hours.,,,0,negative,3,1,android,LATAM
TCKT_000478,2022-08-21T08:31:29,CUST_02032,non_profit,email,api_integration,bug,urgent,resolved,gold,I am seeing an error message when I click on api integration.,Thanks for reporting this bug. This has been escalated to our on-call team for immediate attention.,Patched the bug and deployed a fix to production.,2.59,0,neutral,0,1,ios,EU
TCKT_000479,2024-03-19T11:45:50,CUST_02898,education,in_app,analytics_dashboard,performance,medium,resolved,standard,Queries in the analytics dashboard module are timing out.,We understand performance issues can be frustrating. Our team is reviewing this and will follow up within 24 hours.,Optimized queries and increased resource allocation.,44.59,0,very_negative,0,0,android,LATAM
TCKT_000480,2025-03-27T08:17:38,CUST_09191,individual,email,api_integration,how_to,low,resolved,gold,How can I export my data from the api integration section?,Happy to help with your question. We will look into this and get back to you within the next 48 hours.,Provided step-by-step instructions and relevant documentation.,22.38,0,neutral,3,1,ios,EU
TCKT_000481,2022-12-28T13:37:22,CUST_06220,individual,email,notifications,security_concern,medium,resolved,standard,There seems to be a vulnerability in the notifications functionality.,We take security very seriously. Our team is reviewing this and will follow up within 24 hours.,"Investigated logs, mitigated the issue, and updated security settings.",40.63,0,neutral,3,0,ios,MEA
TCKT_000482,2025-09-17T20:28:46,CUST_05603,education,web_form,data_export,security_concern,medium,resolved,gold,I noticed a suspicious login on my account.,We take security very seriously. Our team is reviewing this and will follow up within 24 hours.,"Investigated logs, mitigated the issue, and updated security settings.",29.02,0,very_negative,1,1,api_client,MEA
TCKT_000483,2022-05-04T14:49:15,CUST_09655,non_profit,chat,mobile_app,how_to,high,resolved,platinum,I need help setting up mobile app for my team.,Happy to help with your question. We are prioritizing this and will update you as soon as possible.,Provided step-by-step instructions and relevant documentation.,23.81,0,neutral,4,0,web,MEA
TCKT_000484,2025-08-11T07:42:23,CUST_01182,small_business,chat,api_integration,performance,high,on_hold,standard,Overall performance has degraded in the last few days.,We understand performance issues can be frustrating. We are prioritizing this and will update you as soon as possible.,,,0,neutral,0,1,api_client,NA
TCKT_000485,2022-11-27T18:00:55,CUST_04531,enterprise,web_form,data_export,billing_problem,low,resolved,standard,I was charged twice for my subscription this month.,Thanks for reaching out about the billing issue. We will look into this and get back to you within the next 48 hours.,Adjusted the invoice and issued a refund where applicable.,24.71,0,neutral,3,0,android,NA
TCKT_000486,2022-10-01T15:11:40,CUST_06773,education,email,analytics_dashboard,bug,low,resolved,standard,I am seeing an error message when I click on analytics dashboard.,Thanks for reporting this bug. We will look into this and get back to you within the next 48 hours.,Patched the bug and deployed a fix to production.,28.42,0,neutral,3,1,android,NA
TCKT_000487,2025-01-14T22:07:09,CUST_02882,individual,chat,data_export,bug,high,in_progress,standard,The page keeps crashing whenever I try to open the data export section.,Thanks for reporting this bug. We are prioritizing this and will update you as soon as possible.,,,0,very_negative,1,1,desktop_app,APAC
TCKT_000488,2022-06-29T14:11:46,CUST_02049,non_profit,in_app,notifications,account_access,low,open,gold,I cannot log in; the system says my password is incorrect.,Sorry to hear you're having trouble accessing your account. We will look into this and get back to you within the next 48 hours.,,,0,negative,3,0,ios,EU
TCKT_000489,2024-06-08T15:15:36,CUST_04624,enterprise,email,notifications,bug,low,in_progress,standard,I am seeing an error message when I click on notifications.,Thanks for reporting this bug. We will look into this and get back to you within the next 48 hours.,,,0,negative,0,0,desktop_app,APAC
TCKT_000490,2025-04-02T06:28:12,CUST_08237,non_profit,email,mobile_app,how_to,medium,resolved,gold,I need help setting up mobile app for my team.,Happy to help with your question. Our team is reviewing this and will follow up within 24 hours.,Provided step-by-step instructions and relevant documentation.,7.59,0,negative,0,1,desktop_app,MEA
TCKT_000491,2022-04-12T03:08:43,CUST_09972,enterprise,email,analytics_dashboard,feature_request,low,resolved,standard,Can you add an option to customize analytics dashboard?,Thanks for your feature suggestion. We will look into this and get back to you within the next 48 hours.,Captured the request and added it to the product backlog.,63.26,0,neutral,0,0,android,APAC
TCKT_000492,2025-07-24T04:05:12,CUST_07988,individual,in_app,data_export,how_to,medium,resolved,gold,How can I export my data from the data export section?,Happy to help with your question. Our team is reviewing this and will follow up within 24 hours.,Provided step-by-step instructions and relevant documentation.,42.98,0,positive,0,1,api_client,NA
TCKT_000493,2023-01-30T02:31:04,CUST_00067,individual,email,login_auth,bug,low,in_progress,gold,I am seeing an error message when I click on login auth.,Thanks for reporting this bug. We will look into this and get back to you within the next 48 hours.,,,0,negative,0,0,ios,LATAM
TCKT_000494,2022-01-03T21:30:31,CUST_03340,small_business,chat,notifications,bug,low,closed_no_action,standard,The notifications feature is not saving my changes.,Thanks for reporting this bug. We will look into this and get back to you within the next 48 hours.,Ticket closed without further action after no response from the customer.,134.64,0,neutral,3,0,desktop_app,EU
TCKT_000495,2025-11-07T11:55:02,CUST_00179,enterprise,chat,analytics_dashboard,performance,high,in_progress,standard,Overall performance has degraded in the last few days.,We understand performance issues can be frustrating. We are prioritizing this and will update you as soon as possible.,,,0,negative,0,0,web,MEA
TCKT_000496,2024-12-26T08:12:41,CUST_00732,enterprise,email,api_integration,bug,low,resolved,standard,The page keeps crashing whenever I try to open the api integration section.,Thanks for reporting this bug. We will look into this and get back to you within the next 48 hours.,Patched the bug and deployed a fix to production.,35.36,0,neutral,3,1,android,MEA
TCKT_000497,2025-03-09T13:51:57,CUST_01391,individual,web_form,billing,other,high,resolved,gold,"Something seems off, can you please check my workspace?",Thanks for contacting support. We are prioritizing this and will update you as soon as possible.,Provided general guidance and confirmed the issue was resolved.,19.29,0,neutral,4,0,ios,APAC
TCKT_000498,2022-03-25T08:04:22,CUST_01168,individual,in_app,analytics_dashboard,bug,medium,in_progress,standard,I am seeing an error message when I click on analytics dashboard.,Thanks for reporting this bug. Our team is reviewing this and will follow up within 24 hours.,,,0,neutral,4,0,android,APAC
TCKT_000499,2025-10-02T06:36:54,CUST_06692,non_profit,phone_transcript,data_export,billing_problem,low,resolved,platinum,My invoice amount is incorrect compared to the plan I selected.,Thanks for reaching out about the billing issue. We will look into this and get back to you within the next 48 hours.,Adjusted the invoice and issued a refund where applicable.,51.68,0,negative,3,1,ios,MEA
TCKT_000500,2025-05-17T16:10:37,CUST_09500,education,chat,data_export,billing_problem,high,resolved,standard,I was charged twice for my subscription this month.,Thanks for reaching out about the billing issue. We are prioritizing this and will update you as soon as possible.,Adjusted the invoice and issued a refund where applicable.,22.9,0,negative,3,0,web,LATAM
TCKT_000501,2023-02-12T04:07:11,CUST_03798,individual,chat,api_integration,performance,high,in_progress,gold,Queries in the api integration module are timing out.,We understand performance issues can be frustrating. We are prioritizing this and will update you as soon as possible.,,,0,neutral,4,0,web,APAC
TCKT_000502,2025-07-11T06:42:52,CUST_00616,individual,web_form,notifications,account_access,high,closed_no_action,standard,I cannot log in; the system says my password is incorrect.,Sorry to hear you're having trouble accessing your account. We are prioritizing this and will update you as soon as possible.,Ticket closed without further action after no response from the customer.,43.04,0,very_negative,2,1,android,MEA
TCKT_000503,2022-03-23T05:25:55,CUST_02213,small_business,web_form,analytics_dashboard,bug,medium,resolved,standard,The page keeps crashing whenever I try to open the analytics dashboard section.,Thanks for reporting this bug. Our team is reviewing this and will follow up within 24 hours.,Patched the bug and deployed a fix to production.,40.46,0,positive,5,0,ios,NA
TCKT_000504,2024-06-20T12:22:07,CUST_01341,individual,chat,notifications,security_concern,low,resolved,gold,There seems to be a vulnerability in the notifications functionality.,We take security very seriously. We will look into this and get back to you within the next 48 hours.,"Investigated logs, mitigated the issue, and updated security settings.",15.21,0,negative,2,0,ios,LATAM
TCKT_000505,2024-07-20T21:27:13,CUST_06948,individual,in_app,billing,feature_request,low,resolved,gold,Our team needs more advanced options for billing.,Thanks for your feature suggestion. We will look into this and get back to you within the next 48 hours.,Captured the request and added it to the product backlog.,63.26,0,negative,2,1,desktop_app,NA
TCKT_000506,2023-10-09T14:21:36,CUST_06925,non_profit,in_app,billing,security_concern,urgent,on_hold,standard,There seems to be a vulnerability in the billing functionality.,We take security very seriously. This has been escalated to our on-call team for immediate attention.,,,0,negative,3,1,android,EU
TCKT_000507,2025-10-30T18:02:39,CUST_09113,enterprise,phone_transcript,notifications,performance,low,closed_no_action,standard,Overall performance has degraded in the last few days.,We understand performance issues can be frustrating. We will look into this and get back to you within the next 48 hours.,Ticket closed without further action after no response from the customer.,39.85,0,neutral,3,0,ios,APAC
TCKT_000508,2022-09-12T16:25:57,CUST_07952,education,phone_transcript,login_auth,how_to,high,resolved,standard,How can I export my data from the login auth section?,Happy to help with your question. We are prioritizing this and will update you as soon as possible.,Provided step-by-step instructions and relevant documentation.,7.37,0,very_negative,1,0,android,MEA
TCKT_000509,2025-09-03T09:41:58,CUST_06469,individual,chat,billing,feature_request,low,open,standard,Can you add an option to customize billing?,Thanks for your feature suggestion. We will look into this and get back to you within the next 48 hours.,,,0,neutral,4,1,desktop_app,APAC
TCKT_000510,2023-03-12T00:59:15,CUST_07510,education,email,api_integration,performance,high,resolved,standard,The api integration page is very slow and takes a long time to load.,We understand performance issues can be frustrating. We are prioritizing this and will update you as soon as possible.,Optimized queries and increased resource allocation.,3.77,0,very_negative,1,0,desktop_app,APAC
TCKT_000511,2025-08-07T23:25:55,CUST_03154,education,phone_transcript,notifications,how_to,low,resolved,gold,How can I export my data from the notifications section?,Happy to help with your question. We will look into this and get back to you within the next 48 hours.,Provided step-by-step instructions and relevant documentation.,23.01,0,positive,5,1,android,APAC
TCKT_000512,2022-04-29T01:52:41,CUST_04568,non_profit,email,login_auth,performance,low,on_hold,gold,The login auth page is very slow and takes a long time to load.,We understand performance issues can be frustrating. We will look into this and get back to you within the next 48 hours.,,,0,negative,2,0,web,EU
TCKT_000513,2025-02-26T10:59:29,CUST_00919,enterprise,web_form,api_integration,bug,medium,open,standard,The api integration feature is not saving my changes.,Thanks for reporting this bug. Our team is reviewing this and will follow up within 24 hours.,,,0,very_negative,2,0,ios,APAC
TCKT_000514,2022-03-04T03:28:57,CUST_00193,small_business,email,analytics_dashboard,other,high,on_hold,gold,I need help but I'm not sure which category this fits in.,Thanks for contacting support. We are prioritizing this and will update you as soon as possible.,,,1,negative,2,0,api_client,EU
TCKT_000515,2024-03-06T14:01:22,CUST_03200,individual,web_form,billing,feature_request,high,open,platinum,It would be great to have billing support in your product.,Thanks for your feature suggestion. We are prioritizing this and will update you as soon as possible.,,,0,very_positive,0,1,web,NA
TCKT_000516,2024-12-24T21:53:25,CUST_03769,small_business,chat,login_auth,security_concern,low,resolved,standard,We need details about your data encryption and compliance.,We take security very seriously. We will look into this and get back to you within the next 48 hours.,"Investigated logs, mitigated the issue, and updated security settings.",64.06,0,positive,4,0,web,MEA
TCKT_000517,2025-08-26T08:53:49,CUST_02160,non_profit,phone_transcript,notifications,how_to,medium,closed_no_action,standard,How can I export my data from the notifications section?,Happy to help with your question. Our team is reviewing this and will follow up within 24 hours.,Ticket closed without further action after no response from the customer.,169.59,0,positive,4,1,web,EU
TCKT_000518,2023-02-04T10:53:31,CUST_09698,education,chat,billing,performance,high,in_progress,gold,The billing page is very slow and takes a long time to load.,We understand performance issues can be frustrating. We are prioritizing this and will update you as soon as possible.,,,0,negative,0,1,web,LATAM
TCKT_000519,2024-03-01T03:53:24,CUST_09744,individual,chat,api_integration,security_concern,low,resolved,standard,There seems to be a vulnerability in the api integration functionality.,We take security very seriously. We will look into this and get back to you within the next 48 hours.,"Investigated logs, mitigated the issue, and updated security settings.",40.75,1,neutral,3,0,desktop_app,LATAM
TCKT_000520,2023-08-22T16:49:10,CUST_04012,individual,web_form,data_export,security_concern,medium,resolved,gold,I noticed a suspicious login on my account.,We take security very seriously. Our team is reviewing this and will follow up within 24 hours.,"Investigated logs, mitigated the issue, and updated security settings.",45.91,0,neutral,4,1,ios,EU
TCKT_000521,2025-12-15T12:07:24,CUST_01105,small_business,phone_transcript,mobile_app,other,medium,resolved,gold,I have a general question about my account.,Thanks for contacting support. Our team is reviewing this and will follow up within 24 hours.,Provided general guidance and confirmed the issue was resolved.,32.4,0,negative,3,1,web,MEA
TCKT_000522,2023-03-02T14:11:34,CUST_06679,non_profit,in_app,login_auth,account_access,low,closed_no_action,platinum,My 2FA code is not working when I try to sign in.,Sorry to hear you're having trouble accessing your account. We will look into this and get back to you within the next 48 hours.,Ticket closed without further action after no response from the customer.,100.1,0,very_negative,0,0,desktop_app,MEA
TCKT_000523,2024-03-16T06:14:20,CUST_01591,education,email,billing,account_access,high,resolved,gold,My 2FA code is not working when I try to sign in.,Sorry to hear you're having trouble accessing your account. We are prioritizing this and will update you as soon as possible.,Reset account credentials and confirmed successful login.,11.99,0,negative,2,1,android,LATAM
TCKT_000524,2022-01-29T01:02:32,CUST_02729,small_business,in_app,login_auth,bug,high,resolved,gold,I am seeing an error message when I click on login auth.,Thanks for reporting this bug. We are prioritizing this and will update you as soon as possible.,Patched the bug and deployed a fix to production.,19.59,0,very_negative,2,0,ios,LATAM
TCKT_000525,2025-06-17T12:54:33,CUST_02631,non_profit,web_form,mobile_app,performance,high,resolved,standard,Overall performance has degraded in the last few days.,We understand performance issues can be frustrating. We are prioritizing this and will update you as soon as possible.,Optimized queries and increased resource allocation.,6.56,0,negative,2,0,ios,EU
TCKT_000526,2022-12-24T16:32:55,CUST_08912,individual,phone_transcript,api_integration,billing_problem,medium,on_hold,gold,I was charged twice for my subscription this month.,Thanks for reaching out about the billing issue. Our team is reviewing this and will follow up within 24 hours.,,,0,very_negative,2,0,ios,NA
TCKT_000527,2024-05-09T15:55:29,CUST_07367,education,in_app,mobile_app,billing_problem,medium,in_progress,standard,I was charged twice for my subscription this month.,Thanks for reaching out about the billing issue. Our team is reviewing this and will follow up within 24 hours.,,,0,very_negative,1,0,web,EU
TCKT_000528,2025-01-01T07:13:46,CUST_03189,small_business,phone_transcript,api_integration,bug,low,open,standard,The page keeps crashing whenever I try to open the api integration section.,Thanks for reporting this bug. We will look into this and get back to you within the next 48 hours.,,,0,negative,0,1,api_client,LATAM
TCKT_000529,2024-01-22T03:11:52,CUST_09534,enterprise,chat,login_auth,billing_problem,high,on_hold,standard,I downgraded my plan but I am still being billed for the higher tier.,Thanks for reaching out about the billing issue. We are prioritizing this and will update you as soon as possible.,,,0,negative,3,0,ios,APAC
TCKT_000530,2023-04-17T04:33:58,CUST_00925,non_profit,email,data_export,performance,medium,resolved,standard,Queries in the data export module are timing out.,We understand performance issues can be frustrating. Our team is reviewing this and will follow up within 24 hours.,Optimized queries and increased resource allocation.,11.31,0,positive,4,1,api_client,EU
TCKT_000531,2022-07-10T17:53:07,CUST_07506,non_profit,chat,notifications,other,medium,resolved,standard,I need help but I'm not sure which category this fits in.,Thanks for contacting support. Our team is reviewing this and will follow up within 24 hours.,Provided general guidance and confirmed the issue was resolved.,6.4,0,neutral,4,0,ios,EU
TCKT_000532,2023-10-07T03:32:03,CUST_09370,education,email,billing,bug,low,closed_no_action,standard,The page keeps crashing whenever I try to open the billing section.,Thanks for reporting this bug. We will look into this and get back to you within the next 48 hours.,Ticket closed without further action after no response from the customer.,129.63,0,neutral,3,0,api_client,EU
TCKT_000533,2025-12-29T22:46:22,CUST_08835,individual,in_app,analytics_dashboard,bug,medium,resolved,standard,I am seeing an error message when I click on analytics dashboard.,Thanks for reporting this bug. Our team is reviewing this and will follow up within 24 hours.,Patched the bug and deployed a fix to production.,38.93,0,very_positive,5,0,api_client,EU
TCKT_000534,2022-03-06T02:36:44,CUST_06966,small_business,phone_transcript,data_export,feature_request,low,open,standard,Can you add an option to customize data export?,Thanks for your feature suggestion. We will look into this and get back to you within the next 48 hours.,,,0,positive,4,0,web,NA
TCKT_000535,2023-07-28T20:50:27,CUST_09550,small_business,in_app,data_export,feature_request,medium,in_progress,standard,It would be great to have data export support in your product.,Thanks for your feature suggestion. Our team is reviewing this and will follow up within 24 hours.,,,0,positive,4,0,api_client,APAC
TCKT_000536,2024-10-29T20:44:09,CUST_02507,individual,phone_transcript,data_export,security_concern,medium,resolved,standard,There seems to be a vulnerability in the data export functionality.,We take security very seriously. Our team is reviewing this and will follow up within 24 hours.,"Investigated logs, mitigated the issue, and updated security settings.",46.33,0,negative,3,1,web,APAC
TCKT_000537,2024-07-07T15:32:43,CUST_05092,enterprise,phone_transcript,login_auth,feature_request,low,open,standard,Our team needs more advanced options for login auth.,Thanks for your feature suggestion. We will look into this and get back to you within the next 48 hours.,,,0,neutral,4,1,desktop_app,LATAM
TCKT_000538,2023-04-11T14:35:38,CUST_06702,enterprise,chat,data_export,performance,medium,resolved,gold,The data export page is very slow and takes a long time to load.,We understand performance issues can be frustrating. Our team is reviewing this and will follow up within 24 hours.,Optimized queries and increased resource allocation.,46.92,0,negative,2,0,api_client,EU
TCKT_000539,2025-01-06T21:10:59,CUST_00278,education,phone_transcript,data_export,account_access,low,resolved,gold,I cannot log in; the system says my password is incorrect.,Sorry to hear you're having trouble accessing your account. We will look into this and get back to you within the next 48 hours.,Reset account credentials and confirmed successful login.,28.85,0,very_negative,1,0,android,NA
TCKT_000540,2025-06-28T07:04:10,CUST_06501,non_profit,web_form,notifications,bug,high,resolved,standard,The page keeps crashing whenever I try to open the notifications section.,Thanks for reporting this bug. We are prioritizing this and will update you as soon as possible.,Patched the bug and deployed a fix to production.,10.9,0,negative,2,1,api_client,APAC
TCKT_000541,2022-09-17T16:09:41,CUST_04501,non_profit,chat,data_export,how_to,medium,resolved,gold,I need help setting up data export for my team.,Happy to help with your question. Our team is reviewing this and will follow up within 24 hours.,Provided step-by-step instructions and relevant documentation.,44.86,0,positive,4,0,android,APAC
TCKT_000542,2025-10-03T09:44:11,CUST_03310,individual,chat,mobile_app,performance,medium,resolved,standard,The mobile app page is very slow and takes a long time to load.,We understand performance issues can be frustrating. Our team is reviewing this and will follow up within 24 hours.,Optimized queries and increased resource allocation.,38.84,0,neutral,3,1,web,APAC
TCKT_000543,2022-08-24T11:56:25,CUST_05205,education,email,mobile_app,billing_problem,medium,closed_no_action,gold,I was charged twice for my subscription this month.,Thanks for reaching out about the billing issue. Our team is reviewing this and will follow up within 24 hours.,Ticket closed without further action after no response from the customer.,223.28,0,neutral,4,0,web,APAC
TCKT_000544,2025-05-16T01:39:04,CUST_06796,enterprise,email,data_export,bug,medium,resolved,standard,The page keeps crashing whenever I try to open the data export section.,Thanks for reporting this bug. Our team is reviewing this and will follow up within 24 hours.,Patched the bug and deployed a fix to production.,26.85,0,negative,3,0,desktop_app,LATAM
TCKT_000545,2022-11-29T08:27:40,CUST_05646,education,chat,analytics_dashboard,other,high,resolved,gold,"Something seems off, can you please check my workspace?",Thanks for contacting support. We are prioritizing this and will update you as soon as possible.,Provided general guidance and confirmed the issue was resolved.,4.15,0,very_negative,1,0,ios,MEA
TCKT_000546,2024-07-02T19:04:05,CUST_05414,education,email,notifications,other,low,resolved,standard,I need help but I'm not sure which category this fits in.,Thanks for contacting support. We will look into this and get back to you within the next 48 hours.,Provided general guidance and confirmed the issue was resolved.,66.91,0,very_negative,2,0,android,EU
TCKT_000547,2024-03-31T12:24:23,CUST_08085,education,email,notifications,bug,medium,resolved,standard,I am seeing an error message when I click on notifications.,Thanks for reporting this bug. Our team is reviewing this and will follow up within 24 hours.,Patched the bug and deployed a fix to production.,25.27,0,neutral,0,0,web,APAC
TCKT_000548,2024-11-13T09:26:07,CUST_09514,enterprise,email,billing,performance,low,resolved,gold,The billing page is very slow and takes a long time to load.,We understand performance issues can be frustrating. We will look into this and get back to you within the next 48 hours.,Optimized queries and increased resource allocation.,11.96,1,negative,0,1,desktop_app,EU
TCKT_000549,2024-12-12T22:17:33,CUST_08535,individual,in_app,billing,performance,low,open,standard,Queries in the billing module are timing out.,We understand performance issues can be frustrating. We will look into this and get back to you within the next 48 hours.,,,0,neutral,0,1,api_client,LATAM
TCKT_000550,2023-07-30T13:41:54,CUST_04531,individual,web_form,data_export,feature_request,medium,resolved,standard,Our team needs more advanced options for data export.,Thanks for your feature suggestion. Our team is reviewing this and will follow up within 24 hours.,Captured the request and added it to the product backlog.,17.88,0,negative,3,0,desktop_app,EU
TCKT_000551,2025-05-18T03:55:45,CUST_03258,individual,email,mobile_app,billing_problem,medium,resolved,standard,I was charged twice for my subscription this month.,Thanks for reaching out about the billing issue. Our team is reviewing this and will follow up within 24 hours.,Adjusted the invoice and issued a refund where applicable.,26.76,0,neutral,4,0,desktop_app,MEA
TCKT_000552,2022-02-03T05:23:01,CUST_05840,non_profit,phone_transcript,data_export,account_access,low,closed_no_action,standard,My 2FA code is not working when I try to sign in.,Sorry to hear you're having trouble accessing your account. We will look into this and get back to you within the next 48 hours.,Ticket closed without further action after no response from the customer.,128.9,0,positive,5,0,android,NA
TCKT_000553,2022-03-20T00:00:02,CUST_06234,individual,web_form,api_integration,other,medium,in_progress,gold,I have a general question about my account.,Thanks for contacting support. Our team is reviewing this and will follow up within 24 hours.,,,0,very_positive,5,0,web,APAC
TCKT_000554,2023-01-04T18:28:27,CUST_05093,individual,web_form,billing,account_access,low,resolved,standard,My account was locked after multiple failed login attempts.,Sorry to hear you're having trouble accessing your account. We will look into this and get back to you within the next 48 hours.,Reset account credentials and confirmed successful login.,10.25,0,neutral,3,0,api_client,LATAM
TCKT_000555,2025-04-20T10:04:57,CUST_02893,small_business,email,billing,billing_problem,low,on_hold,gold,I was charged twice for my subscription this month.,Thanks for reaching out about the billing issue. We will look into this and get back to you within the next 48 hours.,,,0,negative,3,0,ios,NA
TCKT_000556,2025-10-13T16:27:27,CUST_01877,education,email,mobile_app,security_concern,low,in_progress,gold,We need details about your data encryption and compliance.,We take security very seriously. We will look into this and get back to you within the next 48 hours.,,,0,positive,4,1,desktop_app,APAC
TCKT_000557,2024-03-01T14:46:50,CUST_09703,individual,in_app,analytics_dashboard,feature_request,low,in_progress,standard,Can you add an option to customize analytics dashboard?,Thanks for your feature suggestion. We will look into this and get back to you within the next 48 hours.,,,0,positive,5,0,desktop_app,APAC
TCKT_000558,2023-03-13T07:37:15,CUST_08076,small_business,web_form,billing,account_access,low,on_hold,standard,My 2FA code is not working when I try to sign in.,Sorry to hear you're having trouble accessing your account. We will look into this and get back to you within the next 48 hours.,,,0,negative,3,0,desktop_app,APAC
TCKT_000559,2023-03-09T06:18:44,CUST_00878,small_business,phone_transcript,api_integration,bug,low,resolved,standard,The page keeps crashing whenever I try to open the api integration section.,Thanks for reporting this bug. We will look into this and get back to you within the next 48 hours.,Patched the bug and deployed a fix to production.,60.04,0,very_negative,1,0,web,NA
TCKT_000560,2024-02-01T09:03:03,CUST_03173,enterprise,in_app,analytics_dashboard,billing_problem,high,in_progress,gold,I downgraded my plan but I am still being billed for the higher tier.,Thanks for reaching out about the billing issue. We are prioritizing this and will update you as soon as possible.,,,0,neutral,0,0,web,LATAM
TCKT_000561,2025-03-01T06:54:03,CUST_09206,non_profit,web_form,api_integration,other,urgent,resolved,gold,I need help but I'm not sure which category this fits in.,Thanks for contacting support. This has been escalated to our on-call team for immediate attention.,Provided general guidance and confirmed the issue was resolved.,7.82,0,neutral,3,0,android,LATAM
TCKT_000562,2025-01-04T13:18:34,CUST_04003,enterprise,email,analytics_dashboard,bug,medium,resolved,standard,The analytics dashboard feature is not saving my changes.,Thanks for reporting this bug. Our team is reviewing this and will follow up within 24 hours.,Patched the bug and deployed a fix to production.,30.09,0,neutral,0,0,api_client,MEA
TCKT_000563,2024-06-16T17:54:23,CUST_06732,non_profit,in_app,login_auth,how_to,low,in_progress,standard,I need help setting up login auth for my team.,Happy to help with your question. We will look into this and get back to you within the next 48 hours.,,,0,positive,0,0,android,EU
TCKT_000564,2024-01-02T12:57:17,CUST_05290,small_business,chat,login_auth,bug,medium,open,standard,I am seeing an error message when I click on login auth.,Thanks for reporting this bug. Our team is reviewing this and will follow up within 24 hours.,,,0,positive,0,0,web,LATAM
TCKT_000565,2022-11-15T19:02:46,CUST_09090,small_business,chat,notifications,account_access,high,in_progress,gold,My 2FA code is not working when I try to sign in.,Sorry to hear you're having trouble accessing your account. We are prioritizing this and will update you as soon as possible.,,,0,negative,3,0,web,NA
TCKT_000566,2022-07-02T22:36:07,CUST_04785,education,in_app,analytics_dashboard,performance,medium,resolved,gold,Overall performance has degraded in the last few days.,We understand performance issues can be frustrating. Our team is reviewing this and will follow up within 24 hours.,Optimized queries and increased resource allocation.,42.03,0,negative,3,0,api_client,LATAM
TCKT_000567,2022-03-22T14:02:24,CUST_06998,individual,in_app,api_integration,security_concern,high,closed_no_action,standard,I noticed a suspicious login on my account.,We take security very seriously. We are prioritizing this and will update you as soon as possible.,Ticket closed without further action after no response from the customer.,48.01,0,very_negative,2,0,desktop_app,EU
TCKT_000568,2025-08-07T06:35:32,CUST_06812,small_business,in_app,api_integration,how_to,low,resolved,standard,How can I export my data from the api integration section?,Happy to help with your question. We will look into this and get back to you within the next 48 hours.,Provided step-by-step instructions and relevant documentation.,61.73,0,positive,5,0,api_client,NA
TCKT_000569,2022-08-13T05:41:38,CUST_00365,enterprise,in_app,mobile_app,security_concern,low,open,standard,We need details about your data encryption and compliance.,We take security very seriously. We will look into this and get back to you within the next 48 hours.,,,0,negative,2,0,desktop_app,LATAM
TCKT_000570,2025-02-13T01:22:20,CUST_00453,non_profit,in_app,analytics_dashboard,bug,medium,in_progress,standard,The page keeps crashing whenever I try to open the analytics dashboard section.,Thanks for reporting this bug. Our team is reviewing this and will follow up within 24 hours.,,,0,positive,4,0,ios,LATAM
TCKT_000571,2025-10-26T10:37:08,CUST_07893,small_business,in_app,api_integration,security_concern,low,open,standard,I noticed a suspicious login on my account.,We take security very seriously. We will look into this and get back to you within the next 48 hours.,,,0,very_negative,2,1,desktop_app,APAC
TCKT_000572,2022-04-22T22:08:35,CUST_05112,small_business,email,data_export,other,high,resolved,standard,"Something seems off, can you please check my workspace?",Thanks for contacting support. We are prioritizing this and will update you as soon as possible.,Provided general guidance and confirmed the issue was resolved.,11.97,0,neutral,3,0,ios,NA
TCKT_000573,2023-01-27T07:14:35,CUST_04223,enterprise,phone_transcript,mobile_app,account_access,low,closed_no_action,standard,My 2FA code is not working when I try to sign in.,Sorry to hear you're having trouble accessing your account. We will look into this and get back to you within the next 48 hours.,Ticket closed without further action after no response from the customer.,142.22,0,positive,0,0,web,EU
TCKT_000574,2023-12-29T22:52:40,CUST_05725,small_business,phone_transcript,data_export,other,high,resolved,standard,"Something seems off, can you please check my workspace?",Thanks for contacting support. We are prioritizing this and will update you as soon as possible.,Provided general guidance and confirmed the issue was resolved.,19.87,0,neutral,3,0,ios,LATAM
TCKT_000575,2023-03-14T01:45:26,CUST_06100,non_profit,email,login_auth,other,low,open,standard,I have a general question about my account.,Thanks for contacting support. We will look into this and get back to you within the next 48 hours.,,,0,very_positive,5,0,desktop_app,LATAM
TCKT_000576,2022-06-16T07:12:22,CUST_02249,non_profit,phone_transcript,notifications,bug,low,resolved,platinum,The notifications feature is not saving my changes.,Thanks for reporting this bug. We will look into this and get back to you within the next 48 hours.,Patched the bug and deployed a fix to production.,13.84,0,negative,3,1,android,NA
TCKT_000577,2022-05-24T15:32:17,CUST_00575,enterprise,in_app,analytics_dashboard,feature_request,medium,resolved,standard,Our team needs more advanced options for analytics dashboard.,Thanks for your feature suggestion. Our team is reviewing this and will follow up within 24 hours.,Captured the request and added it to the product backlog.,42.16,0,very_positive,0,1,api_client,NA
TCKT_000578,2025-04-30T18:08:03,CUST_06118,small_business,chat,notifications,billing_problem,low,open,gold,I was charged twice for my subscription this month.,Thanks for reaching out about the billing issue. We will look into this and get back to you within the next 48 hours.,,,0,very_negative,0,0,android,NA
TCKT_000579,2025-10-26T20:14:33,CUST_05177,education,email,mobile_app,billing_problem,medium,in_progress,gold,My invoice amount is incorrect compared to the plan I selected.,Thanks for reaching out about the billing issue. Our team is reviewing this and will follow up within 24 hours.,,,0,neutral,0,1,ios,LATAM
TCKT_000580,2024-11-04T17:38:16,CUST_00920,non_profit,web_form,data_export,how_to,low,resolved,gold,Can you explain how to configure data export properly?,Happy to help with your question. We will look into this and get back to you within the next 48 hours.,Provided step-by-step instructions and relevant documentation.,29.63,0,positive,0,1,web,EU
TCKT_000581,2024-07-10T20:45:46,CUST_01851,enterprise,web_form,api_integration,other,low,in_progress,standard,I have a general question about my account.,Thanks for contacting support. We will look into this and get back to you within the next 48 hours.,,,0,positive,0,0,desktop_app,MEA
TCKT_000582,2025-12-01T03:53:20,CUST_00989,non_profit,phone_transcript,mobile_app,feature_request,low,resolved,platinum,Can you add an option to customize mobile app?,Thanks for your feature suggestion. We will look into this and get back to you within the next 48 hours.,Captured the request and added it to the product backlog.,50.24,0,neutral,0,0,web,APAC
TCKT_000583,2025-06-08T22:49:17,CUST_07368,individual,web_form,billing,feature_request,urgent,closed_no_action,standard,Our team needs more advanced options for billing.,Thanks for your feature suggestion. This has been escalated to our on-call team for immediate attention.,Ticket closed without further action after no response from the customer.,99.18,0,very_positive,5,0,android,EU
TCKT_000584,2025-07-21T03:22:18,CUST_02766,small_business,chat,mobile_app,security_concern,medium,in_progress,gold,There seems to be a vulnerability in the mobile app functionality.,We take security very seriously. Our team is reviewing this and will follow up within 24 hours.,,,0,very_negative,0,0,web,NA
TCKT_000585,2022-06-05T18:04:40,CUST_05471,education,chat,data_export,feature_request,medium,on_hold,standard,Our team needs more advanced options for data export.,Thanks for your feature suggestion. Our team is reviewing this and will follow up within 24 hours.,,,0,neutral,4,0,web,EU
TCKT_000586,2024-03-07T14:23:39,CUST_02065,enterprise,in_app,notifications,account_access,low,resolved,gold,My account was locked after multiple failed login attempts.,Sorry to hear you're having trouble accessing your account. We will look into this and get back to you within the next 48 hours.,Reset account credentials and confirmed successful login.,46.87,0,very_negative,2,0,ios,LATAM
TCKT_000587,2025-11-06T04:38:10,CUST_08062,education,phone_transcript,analytics_dashboard,account_access,low,resolved,gold,I cannot log in; the system says my password is incorrect.,Sorry to hear you're having trouble accessing your account. We will look into this and get back to you within the next 48 hours.,Reset account credentials and confirmed successful login.,34.71,0,negative,3,1,desktop_app,APAC
TCKT_000588,2023-07-31T07:29:15,CUST_08880,non_profit,in_app,analytics_dashboard,how_to,low,in_progress,gold,How can I export my data from the analytics dashboard section?,Happy to help with your question. We will look into this and get back to you within the next 48 hours.,,,0,negative,3,0,api_client,APAC
TCKT_000589,2024-04-01T18:47:37,CUST_03558,non_profit,in_app,api_integration,account_access,urgent,closed_no_action,gold,My 2FA code is not working when I try to sign in.,Sorry to hear you're having trouble accessing your account. This has been escalated to our on-call team for immediate attention.,Ticket closed without further action after no response from the customer.,76.2,0,very_negative,1,0,web,LATAM
TCKT_000590,2025-12-11T23:27:08,CUST_03396,individual,phone_transcript,mobile_app,performance,medium,open,gold,Overall performance has degraded in the last few days.,We understand performance issues can be frustrating. Our team is reviewing this and will follow up within 24 hours.,,,0,very_negative,0,0,ios,APAC
TCKT_000591,2025-10-09T20:15:08,CUST_08258,small_business,chat,api_integration,billing_problem,low,resolved,gold,I was charged twice for my subscription this month.,Thanks for reaching out about the billing issue. We will look into this and get back to you within the next 48 hours.,Adjusted the invoice and issued a refund where applicable.,27.46,0,neutral,0,0,api_client,LATAM
TCKT_000592,2022-09-27T10:34:59,CUST_01037,enterprise,chat,data_export,bug,low,resolved,gold,The data export feature is not saving my changes.,Thanks for reporting this bug. We will look into this and get back to you within the next 48 hours.,Patched the bug and deployed a fix to production.,66.57,0,negative,3,1,desktop_app,APAC
TCKT_000593,2023-06-17T08:04:07,CUST_08709,enterprise,web_form,analytics_dashboard,security_concern,medium,resolved,standard,There seems to be a vulnerability in the analytics dashboard functionality.,We take security very seriously. Our team is reviewing this and will follow up within 24 hours.,"Investigated logs, mitigated the issue, and updated security settings.",28.06,0,neutral,3,0,web,MEA
TCKT_000594,2025-12-11T20:46:57,CUST_01094,non_profit,chat,mobile_app,billing_problem,low,resolved,standard,I downgraded my plan but I am still being billed for the higher tier.,Thanks for reaching out about the billing issue. We will look into this and get back to you within the next 48 hours.,Adjusted the invoice and issued a refund where applicable.,24.52,0,negative,0,0,api_client,LATAM
TCKT_000595,2024-09-27T04:47:56,CUST_03991,enterprise,in_app,mobile_app,feature_request,low,resolved,gold,Our team needs more advanced options for mobile app.,Thanks for your feature suggestion. We will look into this and get back to you within the next 48 hours.,Captured the request and added it to the product backlog.,57.14,0,negative,2,0,api_client,EU
TCKT_000596,2024-02-13T08:56:00,CUST_03862,enterprise,email,analytics_dashboard,feature_request,high,in_progress,gold,Our team needs more advanced options for analytics dashboard.,Thanks for your feature suggestion. We are prioritizing this and will update you as soon as possible.,,,0,negative,2,0,ios,MEA
TCKT_000597,2023-02-23T09:04:41,CUST_02736,small_business,phone_transcript,data_export,how_to,urgent,in_progress,standard,How can I export my data from the data export section?,Happy to help with your question. This has been escalated to our on-call team for immediate attention.,,,0,neutral,4,0,ios,EU
TCKT_000598,2023-10-07T08:03:06,CUST_05957,enterprise,web_form,notifications,performance,medium,resolved,gold,Overall performance has degraded in the last few days.,We understand performance issues can be frustrating. Our team is reviewing this and will follow up within 24 hours.,Optimized queries and increased resource allocation.,31.55,1,very_negative,0,0,ios,MEA
TCKT_000599,2023-06-14T23:37:13,CUST_09775,enterprise,web_form,notifications,how_to,low,on_hold,platinum,I need help setting up notifications for my team.,Happy to help with your question. We will look into this and get back to you within the next 48 hours.,,,0,positive,5,0,web,MEA
TCKT_000600,2025-07-21T08:18:07,CUST_08541,non_profit,in_app,billing,other,high,in_progress,standard,I have a general question about my account.,Thanks for contacting support. We are prioritizing this and will update you as soon as possible.,,,0,neutral,3,1,api_client,NA
TCKT_000601,2023-04-02T18:53:45,CUST_05323,education,in_app,mobile_app,security_concern,medium,resolved,platinum,I noticed a suspicious login on my account.,We take security very seriously. Our team is reviewing this and will follow up within 24 hours.,"Investigated logs, mitigated the issue, and updated security settings.",46.93,0,very_negative,2,0,android,EU
TCKT_000602,2023-01-30T18:04:18,CUST_03484,small_business,phone_transcript,analytics_dashboard,other,urgent,closed_no_action,standard,I have a general question about my account.,Thanks for contacting support. This has been escalated to our on-call team for immediate attention.,Ticket closed without further action after no response from the customer.,32.63,0,neutral,4,0,ios,EU
TCKT_000603,2023-12-26T19:07:52,CUST_01212,individual,web_form,mobile_app,feature_request,high,closed_no_action,standard,Can you add an option to customize mobile app?,Thanks for your feature suggestion. We are prioritizing this and will update you as soon as possible.,Ticket closed without further action after no response from the customer.,109.96,0,very_positive,5,0,web,NA
TCKT_000604,2022-10-04T10:12:20,CUST_09198,education,phone_transcript,login_auth,feature_request,high,resolved,gold,Our team needs more advanced options for login auth.,Thanks for your feature suggestion. We are prioritizing this and will update you as soon as possible.,Captured the request and added it to the product backlog.,8.06,0,negative,2,1,android,LATAM
TCKT_000605,2022-07-15T11:27:32,CUST_08451,individual,chat,api_integration,security_concern,high,resolved,standard,There seems to be a vulnerability in the api integration functionality.,We take security very seriously. We are prioritizing this and will update you as soon as possible.,"Investigated logs, mitigated the issue, and updated security settings.",11.56,0,very_negative,2,0,desktop_app,LATAM
TCKT_000606,2023-08-31T19:32:53,CUST_05337,education,web_form,analytics_dashboard,bug,high,in_progress,standard,The page keeps crashing whenever I try to open the analytics dashboard section.,Thanks for reporting this bug. We are prioritizing this and will update you as soon as possible.,,,0,negative,0,0,api_client,EU
TCKT_000607,2023-05-14T20:06:23,CUST_02312,enterprise,email,mobile_app,billing_problem,high,resolved,standard,I was charged twice for my subscription this month.,Thanks for reaching out about the billing issue. We are prioritizing this and will update you as soon as possible.,Adjusted the invoice and issued a refund where applicable.,13.57,0,very_negative,1,0,web,EU
TCKT_000608,2022-04-07T14:36:28,CUST_08741,small_business,phone_transcript,mobile_app,feature_request,low,resolved,gold,It would be great to have mobile app support in your product.,Thanks for your feature suggestion. We will look into this and get back to you within the next 48 hours.,Captured the request and added it to the product backlog.,9.12,0,very_negative,2,0,desktop_app,MEA
TCKT_000609,2022-05-20T14:32:24,CUST_04699,non_profit,phone_transcript,login_auth,how_to,low,open,gold,How can I export my data from the login auth section?,Happy to help with your question. We will look into this and get back to you within the next 48 hours.,,,0,positive,4,0,ios,APAC
TCKT_000610,2022-04-06T07:13:45,CUST_00283,education,in_app,api_integration,performance,medium,on_hold,gold,Overall performance has degraded in the last few days.,We understand performance issues can be frustrating. Our team is reviewing this and will follow up within 24 hours.,,,0,neutral,0,0,android,APAC
TCKT_000611,2024-03-09T21:00:44,CUST_00067,education,phone_transcript,notifications,billing_problem,medium,on_hold,gold,I was charged twice for my subscription this month.,Thanks for reaching out about the billing issue. Our team is reviewing this and will follow up within 24 hours.,,,0,very_negative,2,0,desktop_app,NA
TCKT_000612,2022-12-20T01:54:46,CUST_04632,small_business,chat,data_export,feature_request,low,resolved,standard,It would be great to have data export support in your product.,Thanks for your feature suggestion. We will look into this and get back to you within the next 48 hours.,Captured the request and added it to the product backlog.,69.31,0,very_negative,1,0,web,MEA
TCKT_000613,2024-04-06T20:15:17,CUST_05612,non_profit,chat,billing,performance,low,resolved,standard,Queries in the billing module are timing out.,We understand performance issues can be frustrating. We will look into this and get back to you within the next 48 hours.,Optimized queries and increased resource allocation.,66.95,0,very_positive,0,0,web,LATAM
TCKT_000614,2022-06-17T23:46:58,CUST_01295,enterprise,in_app,api_integration,bug,medium,resolved,gold,The api integration feature is not saving my changes.,Thanks for reporting this bug. Our team is reviewing this and will follow up within 24 hours.,Patched the bug and deployed a fix to production.,17.62,1,neutral,4,0,web,NA
TCKT_000615,2023-06-21T18:46:01,CUST_03788,individual,email,data_export,how_to,low,resolved,standard,I need help setting up data export for my team.,Happy to help with your question. We will look into this and get back to you within the next 48 hours.,Provided step-by-step instructions and relevant documentation.,50.02,0,very_positive,0,0,desktop_app,LATAM
TCKT_000616,2023-02-13T09:00:19,CUST_01824,individual,in_app,mobile_app,other,medium,on_hold,standard,I need help but I'm not sure which category this fits in.,Thanks for contacting support. Our team is reviewing this and will follow up within 24 hours.,,,0,neutral,0,1,android,EU
TCKT_000617,2024-04-09T20:10:33,CUST_02643,individual,phone_transcript,analytics_dashboard,how_to,high,in_progress,standard,Can you explain how to configure analytics dashboard properly?,Happy to help with your question. We are prioritizing this and will update you as soon as possible.,,,0,positive,0,1,api_client,APAC
TCKT_000618,2024-05-19T00:06:59,CUST_07634,non_profit,in_app,data_export,feature_request,low,resolved,standard,Can you add an option to customize data export?,Thanks for your feature suggestion. We will look into this and get back to you within the next 48 hours.,Captured the request and added it to the product backlog.,51.34,0,positive,4,1,web,MEA
TCKT_000619,2025-05-14T12:29:04,CUST_07504,non_profit,email,mobile_app,how_to,medium,in_progress,standard,How can I export my data from the mobile app section?,Happy to help with your question. Our team is reviewing this and will follow up within 24 hours.,,,1,neutral,0,0,desktop_app,EU
TCKT_000620,2024-04-17T15:42:26,CUST_04026,non_profit,chat,notifications,account_access,medium,in_progress,gold,My account was locked after multiple failed login attempts.,Sorry to hear you're having trouble accessing your account. Our team is reviewing this and will follow up within 24 hours.,,,0,very_negative,1,0,android,APAC
TCKT_000621,2024-10-15T12:10:04,CUST_05511,education,phone_transcript,login_auth,bug,low,open,standard,The login auth feature is not saving my changes.,Thanks for reporting this bug. We will look into this and get back to you within the next 48 hours.,,,0,very_negative,1,0,desktop_app,EU
TCKT_000622,2024-07-17T15:49:28,CUST_09649,education,phone_transcript,login_auth,bug,low,open,standard,The page keeps crashing whenever I try to open the login auth section.,Thanks for reporting this bug. We will look into this and get back to you within the next 48 hours.,,,0,very_positive,5,0,web,NA
TCKT_000623,2022-02-01T17:20:55,CUST_00682,non_profit,web_form,login_auth,how_to,low,on_hold,gold,Can you explain how to configure login auth properly?,Happy to help with your question. We will look into this and get back to you within the next 48 hours.,,,0,negative,3,0,web,NA
TCKT_000624,2025-05-17T22:55:45,CUST_04158,enterprise,chat,analytics_dashboard,account_access,low,open,standard,My 2FA code is not working when I try to sign in.,Sorry to hear you're having trouble accessing your account. We will look into this and get back to you within the next 48 hours.,,,1,positive,0,0,desktop_app,NA
TCKT_000625,2023-12-12T15:25:00,CUST_09079,individual,chat,notifications,bug,medium,closed_no_action,platinum,I am seeing an error message when I click on notifications.,Thanks for reporting this bug. Our team is reviewing this and will follow up within 24 hours.,Ticket closed without further action after no response from the customer.,132.62,0,positive,0,0,ios,APAC
TCKT_000626,2023-01-07T18:44:47,CUST_07457,education,email,billing,bug,low,in_progress,standard,The page keeps crashing whenever I try to open the billing section.,Thanks for reporting this bug. We will look into this and get back to you within the next 48 hours.,,,0,positive,5,0,android,EU
TCKT_000627,2023-09-23T06:53:54,CUST_04676,enterprise,phone_transcript,analytics_dashboard,account_access,medium,in_progress,platinum,My account was locked after multiple failed login attempts.,Sorry to hear you're having trouble accessing your account. Our team is reviewing this and will follow up within 24 hours.,,,0,neutral,0,1,web,APAC
TCKT_000628,2025-08-16T16:37:19,CUST_05074,enterprise,chat,billing,security_concern,low,resolved,standard,We need details about your data encryption and compliance.,We take security very seriously. We will look into this and get back to you within the next 48 hours.,"Investigated logs, mitigated the issue, and updated security settings.",47.11,0,very_positive,5,0,desktop_app,APAC
TCKT_000629,2022-05-20T18:39:58,CUST_09670,education,web_form,notifications,security_concern,medium,in_progress,standard,There seems to be a vulnerability in the notifications functionality.,We take security very seriously. Our team is reviewing this and will follow up within 24 hours.,,,0,neutral,4,0,android,NA
TCKT_000630,2023-07-31T09:53:45,CUST_02033,small_business,email,notifications,feature_request,medium,in_progress,platinum,It would be great to have notifications support in your product.,Thanks for your feature suggestion. Our team is reviewing this and will follow up within 24 hours.,,,1,negative,3,0,desktop_app,MEA
TCKT_000631,2024-05-31T02:38:50,CUST_02014,education,in_app,data_export,other,low,resolved,standard,I have a general question about my account.,Thanks for contacting support. We will look into this and get back to you within the next 48 hours.,Provided general guidance and confirmed the issue was resolved.,40.39,0,negative,3,0,api_client,LATAM
TCKT_000632,2023-09-07T11:30:22,CUST_04424,enterprise,in_app,billing,feature_request,medium,closed_no_action,gold,Can you add an option to customize billing?,Thanks for your feature suggestion. Our team is reviewing this and will follow up within 24 hours.,Ticket closed without further action after no response from the customer.,118.02,0,neutral,0,0,desktop_app,NA
TCKT_000633,2024-10-16T22:05:20,CUST_08147,education,web_form,billing,how_to,high,in_progress,platinum,I need help setting up billing for my team.,Happy to help with your question. We are prioritizing this and will update you as soon as possible.,,,0,neutral,0,0,ios,NA
TCKT_000634,2022-12-05T09:59:16,CUST_07857,non_profit,in_app,data_export,billing_problem,medium,in_progress,gold,I downgraded my plan but I am still being billed for the higher tier.,Thanks for reaching out about the billing issue. Our team is reviewing this and will follow up within 24 hours.,,,0,neutral,3,1,ios,MEA
TCKT_000635,2022-09-30T07:19:53,CUST_03216,non_profit,in_app,billing,security_concern,medium,resolved,standard,There seems to be a vulnerability in the billing functionality.,We take security very seriously. Our team is reviewing this and will follow up within 24 hours.,"Investigated logs, mitigated the issue, and updated security settings.",9.75,0,negative,3,0,android,LATAM
TCKT_000636,2025-03-25T21:33:14,CUST_05545,enterprise,web_form,login_auth,bug,medium,in_progress,standard,The page keeps crashing whenever I try to open the login auth section.,Thanks for reporting this bug. Our team is reviewing this and will follow up within 24 hours.,,,0,negative,3,0,android,MEA
TCKT_000637,2025-11-24T20:28:59,CUST_09315,education,web_form,notifications,feature_request,medium,resolved,standard,It would be great to have notifications support in your product.,Thanks for your feature suggestion. Our team is reviewing this and will follow up within 24 hours.,Captured the request and added it to the product backlog.,10.58,0,very_positive,5,0,desktop_app,APAC
TCKT_000638,2024-08-29T23:08:56,CUST_00079,small_business,phone_transcript,mobile_app,bug,medium,resolved,platinum,The mobile app feature is not saving my changes.,Thanks for reporting this bug. Our team is reviewing this and will follow up within 24 hours.,Patched the bug and deployed a fix to production.,45.03,0,negative,3,0,android,MEA
TCKT_000639,2022-07-26T11:59:43,CUST_08896,education,web_form,notifications,billing_problem,medium,in_progress,platinum,I was charged twice for my subscription this month.,Thanks for reaching out about the billing issue. Our team is reviewing this and will follow up within 24 hours.,,,0,very_negative,1,0,desktop_app,LATAM
TCKT_000640,2022-07-23T12:30:56,CUST_03676,non_profit,web_form,billing,other,medium,resolved,standard,"Something seems off, can you please check my workspace?",Thanks for contacting support. Our team is reviewing this and will follow up within 24 hours.,Provided general guidance and confirmed the issue was resolved.,18.56,0,negative,2,0,ios,NA
TCKT_000641,2024-08-16T17:13:29,CUST_00029,education,email,billing,security_concern,low,in_progress,standard,We need details about your data encryption and compliance.,We take security very seriously. We will look into this and get back to you within the next 48 hours.,,,0,very_negative,0,0,web,MEA
TCKT_000642,2025-12-16T02:19:43,CUST_00755,non_profit,email,notifications,how_to,low,open,gold,Can you explain how to configure notifications properly?,Happy to help with your question. We will look into this and get back to you within the next 48 hours.,,,0,positive,0,0,api_client,APAC
TCKT_000643,2025-01-25T12:10:00,CUST_01461,non_profit,in_app,login_auth,other,medium,on_hold,standard,"Something seems off, can you please check my workspace?",Thanks for contacting support. Our team is reviewing this and will follow up within 24 hours.,,,0,positive,4,1,ios,NA
TCKT_000644,2024-10-02T17:40:06,CUST_03072,small_business,web_form,mobile_app,other,low,open,gold,I need help but I'm not sure which category this fits in.,Thanks for contacting support. We will look into this and get back to you within the next 48 hours.,,,0,neutral,3,0,ios,LATAM
TCKT_000645,2023-10-29T16:21:11,CUST_02350,individual,email,notifications,billing_problem,high,resolved,standard,I was charged twice for my subscription this month.,Thanks for reaching out about the billing issue. We are prioritizing this and will update you as soon as possible.,Adjusted the invoice and issued a refund where applicable.,22.9,0,very_negative,0,0,ios,APAC
TCKT_000646,2024-09-28T15:59:25,CUST_05797,enterprise,in_app,api_integration,performance,urgent,resolved,standard,Queries in the api integration module are timing out.,We understand performance issues can be frustrating. This has been escalated to our on-call team for immediate attention.,Optimized queries and increased resource allocation.,2.14,1,neutral,0,0,web,NA
TCKT_000647,2025-12-21T06:37:45,CUST_09605,small_business,web_form,login_auth,security_concern,urgent,closed_no_action,gold,I noticed a suspicious login on my account.,We take security very seriously. This has been escalated to our on-call team for immediate attention.,Ticket closed without further action after no response from the customer.,200.72,0,neutral,0,1,ios,MEA
TCKT_000648,2023-06-28T23:20:08,CUST_08185,small_business,chat,billing,security_concern,high,resolved,gold,I noticed a suspicious login on my account.,We take security very seriously. We are prioritizing this and will update you as soon as possible.,"Investigated logs, mitigated the issue, and updated security settings.",5.9,0,neutral,0,0,desktop_app,EU
TCKT_000649,2025-01-20T01:05:37,CUST_07958,enterprise,email,notifications,security_concern,low,open,standard,I noticed a suspicious login on my account.,We take security very seriously. We will look into this and get back to you within the next 48 hours.,,,0,neutral,3,0,api_client,NA
TCKT_000650,2023-01-07T08:50:15,CUST_02264,education,web_form,data_export,feature_request,medium,resolved,standard,Can you add an option to customize data export?,Thanks for your feature suggestion. Our team is reviewing this and will follow up within 24 hours.,Captured the request and added it to the product backlog.,22.39,0,very_positive,5,1,web,MEA
TCKT_000651,2023-09-24T02:17:59,CUST_04976,individual,in_app,analytics_dashboard,other,high,in_progress,gold,I need help but I'm not sure which category this fits in.,Thanks for contacting support. We are prioritizing this and will update you as soon as possible.,,,0,negative,2,0,android,MEA
TCKT_000652,2022-05-24T16:36:00,CUST_07493,small_business,chat,billing,security_concern,low,resolved,gold,There seems to be a vulnerability in the billing functionality.,We take security very seriously. We will look into this and get back to you within the next 48 hours.,"Investigated logs, mitigated the issue, and updated security settings.",16.12,0,positive,5,0,api_client,MEA
TCKT_000653,2025-02-28T22:06:17,CUST_05661,enterprise,in_app,analytics_dashboard,security_concern,high,in_progress,standard,There seems to be a vulnerability in the analytics dashboard functionality.,We take security very seriously. We are prioritizing this and will update you as soon as possible.,,,0,neutral,3,0,android,APAC
TCKT_000654,2025-12-25T21:25:48,CUST_05907,education,phone_transcript,mobile_app,other,high,on_hold,gold,I have a general question about my account.,Thanks for contacting support. We are prioritizing this and will update you as soon as possible.,,,0,neutral,0,0,android,LATAM
TCKT_000655,2025-11-07T07:34:55,CUST_09747,non_profit,in_app,mobile_app,performance,low,resolved,standard,Queries in the mobile app module are timing out.,We understand performance issues can be frustrating. We will look into this and get back to you within the next 48 hours.,Optimized queries and increased resource allocation.,29.38,0,very_negative,0,0,api_client,EU
TCKT_000656,2023-09-19T19:28:25,CUST_08637,small_business,chat,api_integration,account_access,medium,on_hold,standard,My account was locked after multiple failed login attempts.,Sorry to hear you're having trouble accessing your account. Our team is reviewing this and will follow up within 24 hours.,,,0,negative,3,0,ios,EU
TCKT_000657,2024-03-11T22:11:32,CUST_08107,small_business,in_app,api_integration,performance,low,in_progress,standard,Queries in the api integration module are timing out.,We understand performance issues can be frustrating. We will look into this and get back to you within the next 48 hours.,,,0,negative,3,0,web,APAC
TCKT_000658,2024-07-24T01:13:09,CUST_06086,non_profit,web_form,api_integration,security_concern,low,resolved,platinum,There seems to be a vulnerability in the api integration functionality.,We take security very seriously. We will look into this and get back to you within the next 48 hours.,"Investigated logs, mitigated the issue, and updated security settings.",66.69,0,negative,2,0,api_client,APAC
TCKT_000659,2023-03-13T10:02:21,CUST_00767,education,email,api_integration,how_to,medium,on_hold,platinum,How can I export my data from the api integration section?,Happy to help with your question. Our team is reviewing this and will follow up within 24 hours.,,,0,negative,0,1,desktop_app,EU
TCKT_000660,2023-02-26T13:15:27,CUST_05823,individual,email,login_auth,account_access,urgent,on_hold,platinum,I cannot log in; the system says my password is incorrect.,Sorry to hear you're having trouble accessing your account. This has been escalated to our on-call team for immediate attention.,,,0,negative,0,0,ios,APAC
TCKT_000661,2024-10-09T20:42:39,CUST_05960,small_business,email,data_export,account_access,low,resolved,standard,I cannot log in; the system says my password is incorrect.,Sorry to hear you're having trouble accessing your account. We will look into this and get back to you within the next 48 hours.,Reset account credentials and confirmed successful login.,15.27,0,very_negative,1,0,api_client,NA
TCKT_000662,2023-03-13T18:37:17,CUST_06547,enterprise,web_form,billing,billing_problem,low,in_progress,standard,I downgraded my plan but I am still being billed for the higher tier.,Thanks for reaching out about the billing issue. We will look into this and get back to you within the next 48 hours.,,,0,neutral,4,0,api_client,LATAM
TCKT_000663,2023-10-26T15:14:59,CUST_08406,small_business,in_app,notifications,account_access,high,resolved,gold,My account was locked after multiple failed login attempts.,Sorry to hear you're having trouble accessing your account. We are prioritizing this and will update you as soon as possible.,Reset account credentials and confirmed successful login.,11.73,0,negative,0,0,web,LATAM
TCKT_000664,2023-08-13T23:11:50,CUST_00562,education,web_form,notifications,performance,low,resolved,platinum,Queries in the notifications module are timing out.,We understand performance issues can be frustrating. We will look into this and get back to you within the next 48 hours.,Optimized queries and increased resource allocation.,19.19,0,neutral,0,0,web,NA
TCKT_000665,2025-03-25T05:06:18,CUST_00295,enterprise,chat,api_integration,other,low,resolved,platinum,I have a general question about my account.,Thanks for contacting support. We will look into this and get back to you within the next 48 hours.,Provided general guidance and confirmed the issue was resolved.,50.6,0,neutral,4,0,ios,MEA
TCKT_000666,2022-08-20T20:05:23,CUST_09038,non_profit,in_app,login_auth,billing_problem,medium,in_progress,standard,My invoice amount is incorrect compared to the plan I selected.,Thanks for reaching out about the billing issue. Our team is reviewing this and will follow up within 24 hours.,,,0,neutral,4,1,desktop_app,EU
TCKT_000667,2025-04-05T01:13:14,CUST_07263,individual,chat,login_auth,how_to,medium,resolved,standard,I need help setting up login auth for my team.,Happy to help with your question. Our team is reviewing this and will follow up within 24 hours.,Provided step-by-step instructions and relevant documentation.,11.52,0,negative,2,0,web,LATAM
TCKT_000668,2024-03-25T20:45:17,CUST_05276,enterprise,in_app,mobile_app,feature_request,low,in_progress,standard,It would be great to have mobile app support in your product.,Thanks for your feature suggestion. We will look into this and get back to you within the next 48 hours.,,,0,neutral,0,1,api_client,APAC
TCKT_000669,2022-12-24T11:56:39,CUST_01314,individual,phone_transcript,analytics_dashboard,feature_request,urgent,open,gold,It would be great to have analytics dashboard support in your product.,Thanks for your feature suggestion. This has been escalated to our on-call team for immediate attention.,,,0,negative,3,1,android,APAC
TCKT_000670,2024-02-24T10:20:43,CUST_06855,non_profit,email,notifications,account_access,medium,closed_no_action,gold,My 2FA code is not working when I try to sign in.,Sorry to hear you're having trouble accessing your account. Our team is reviewing this and will follow up within 24 hours.,Ticket closed without further action after no response from the customer.,43.53,0,positive,0,0,api_client,MEA
TCKT_000671,2024-09-19T22:15:51,CUST_08810,enterprise,email,notifications,performance,high,resolved,standard,Queries in the notifications module are timing out.,We understand performance issues can be frustrating. We are prioritizing this and will update you as soon as possible.,Optimized queries and increased resource allocation.,22.43,0,very_negative,0,0,android,EU
TCKT_000672,2024-02-01T02:14:49,CUST_05561,non_profit,email,notifications,feature_request,high,on_hold,standard,Can you add an option to customize notifications?,Thanks for your feature suggestion. We are prioritizing this and will update you as soon as possible.,,,0,positive,4,1,api_client,MEA
TCKT_000673,2024-05-04T05:30:43,CUST_05610,education,email,mobile_app,billing_problem,high,on_hold,standard,I was charged twice for my subscription this month.,Thanks for reaching out about the billing issue. We are prioritizing this and will update you as soon as possible.,,,0,positive,4,0,ios,APAC
TCKT_000674,2022-05-25T14:40:18,CUST_09456,enterprise,phone_transcript,login_auth,other,low,resolved,standard,I need help but I'm not sure which category this fits in.,Thanks for contacting support. We will look into this and get back to you within the next 48 hours.,Provided general guidance and confirmed the issue was resolved.,50.61,0,negative,0,0,web,NA
TCKT_000675,2023-03-19T16:53:06,CUST_00210,enterprise,web_form,login_auth,billing_problem,low,in_progress,standard,I was charged twice for my subscription this month.,Thanks for reaching out about the billing issue. We will look into this and get back to you within the next 48 hours.,,,0,very_negative,1,0,ios,LATAM
TCKT_000676,2024-06-17T19:35:03,CUST_05194,individual,web_form,mobile_app,account_access,medium,resolved,gold,I cannot log in; the system says my password is incorrect.,Sorry to hear you're having trouble accessing your account. Our team is reviewing this and will follow up within 24 hours.,Reset account credentials and confirmed successful login.,33.19,0,neutral,0,0,api_client,APAC
TCKT_000677,2022-01-19T00:51:14,CUST_05989,non_profit,in_app,analytics_dashboard,other,urgent,resolved,standard,I have a general question about my account.,Thanks for contacting support. This has been escalated to our on-call team for immediate attention.,Provided general guidance and confirmed the issue was resolved.,7.85,0,very_negative,1,0,ios,EU
TCKT_000678,2023-02-11T07:42:38,CUST_07938,enterprise,in_app,billing,how_to,medium,resolved,platinum,How can I export my data from the billing section?,Happy to help with your question. Our team is reviewing this and will follow up within 24 hours.,Provided step-by-step instructions and relevant documentation.,38.1,0,positive,5,0,api_client,MEA
TCKT_000679,2022-01-08T17:25:38,CUST_03552,individual,email,login_auth,billing_problem,high,resolved,standard,I downgraded my plan but I am still being billed for the higher tier.,Thanks for reaching out about the billing issue. We are prioritizing this and will update you as soon as possible.,Adjusted the invoice and issued a refund where applicable.,14.08,0,positive,4,0,desktop_app,NA
TCKT_000680,2025-07-08T20:38:46,CUST_01778,small_business,in_app,notifications,security_concern,urgent,on_hold,gold,There seems to be a vulnerability in the notifications functionality.,We take security very seriously. This has been escalated to our on-call team for immediate attention.,,,0,positive,4,0,web,EU
TCKT_000681,2024-05-30T13:26:45,CUST_09904,individual,web_form,data_export,performance,medium,resolved,gold,The data export page is very slow and takes a long time to load.,We understand performance issues can be frustrating. Our team is reviewing this and will follow up within 24 hours.,Optimized queries and increased resource allocation.,20.82,0,negative,3,0,web,NA
TCKT_000682,2022-08-30T10:05:50,CUST_06417,individual,chat,notifications,account_access,high,resolved,gold,My account was locked after multiple failed login attempts.,Sorry to hear you're having trouble accessing your account. We are prioritizing this and will update you as soon as possible.,Reset account credentials and confirmed successful login.,8.28,0,negative,0,0,web,MEA
TCKT_000683,2024-12-23T04:59:48,CUST_03846,small_business,phone_transcript,analytics_dashboard,security_concern,medium,resolved,standard,We need details about your data encryption and compliance.,We take security very seriously. Our team is reviewing this and will follow up within 24 hours.,"Investigated logs, mitigated the issue, and updated security settings.",19.81,0,very_negative,0,0,desktop_app,LATAM
TCKT_000684,2025-12-21T16:51:23,CUST_08074,enterprise,email,analytics_dashboard,how_to,low,open,gold,Can you explain how to configure analytics dashboard properly?,Happy to help with your question. We will look into this and get back to you within the next 48 hours.,,,0,neutral,4,1,web,MEA
TCKT_000685,2023-02-11T19:56:48,CUST_04152,individual,in_app,billing,how_to,high,closed_no_action,gold,I need help setting up billing for my team.,Happy to help with your question. We are prioritizing this and will update you as soon as possible.,Ticket closed without further action after no response from the customer.,46.73,0,positive,4,1,api_client,NA
TCKT_000686,2025-03-22T11:05:57,CUST_01501,enterprise,phone_transcript,api_integration,how_to,urgent,resolved,gold,I need help setting up api integration for my team.,Happy to help with your question. This has been escalated to our on-call team for immediate attention.,Provided step-by-step instructions and relevant documentation.,0.16,0,neutral,0,0,desktop_app,LATAM
TCKT_000687,2023-05-13T02:45:45,CUST_08649,education,email,analytics_dashboard,feature_request,medium,closed_no_action,gold,Our team needs more advanced options for analytics dashboard.,Thanks for your feature suggestion. Our team is reviewing this and will follow up within 24 hours.,Ticket closed without further action after no response from the customer.,38.02,0,neutral,0,0,android,EU
TCKT_000688,2024-09-03T13:09:47,CUST_03995,education,in_app,mobile_app,feature_request,medium,resolved,standard,Can you add an option to customize mobile app?,Thanks for your feature suggestion. Our team is reviewing this and will follow up within 24 hours.,Captured the request and added it to the product backlog.,44.3,0,positive,0,0,ios,NA
TCKT_000689,2025-07-05T01:12:56,CUST_01357,non_profit,in_app,login_auth,how_to,medium,resolved,platinum,How can I export my data from the login auth section?,Happy to help with your question. Our team is reviewing this and will follow up within 24 hours.,Provided step-by-step instructions and relevant documentation.,6.36,0,negative,0,0,web,MEA
TCKT_000690,2024-04-28T00:00:46,CUST_04071,non_profit,web_form,api_integration,how_to,medium,resolved,platinum,I need help setting up api integration for my team.,Happy to help with your question. Our team is reviewing this and will follow up within 24 hours.,Provided step-by-step instructions and relevant documentation.,15.71,0,positive,5,0,android,APAC
TCKT_000691,2022-10-21T07:59:41,CUST_02385,small_business,web_form,data_export,feature_request,urgent,in_progress,standard,It would be great to have data export support in your product.,Thanks for your feature suggestion. This has been escalated to our on-call team for immediate attention.,,,0,neutral,4,0,android,EU
TCKT_000692,2024-01-18T10:16:29,CUST_03549,non_profit,phone_transcript,login_auth,how_to,medium,closed_no_action,gold,How can I export my data from the login auth section?,Happy to help with your question. Our team is reviewing this and will follow up within 24 hours.,Ticket closed without further action after no response from the customer.,136.91,0,very_negative,1,1,api_client,NA
TCKT_000693,2023-02-26T14:11:55,CUST_03516,non_profit,web_form,data_export,how_to,high,on_hold,standard,I need help setting up data export for my team.,Happy to help with your question. We are prioritizing this and will update you as soon as possible.,,,0,neutral,3,0,web,APAC
TCKT_000694,2024-08-23T06:26:13,CUST_06778,individual,chat,data_export,other,high,in_progress,standard,"Something seems off, can you please check my workspace?",Thanks for contacting support. We are prioritizing this and will update you as soon as possible.,,,0,neutral,0,0,ios,EU
TCKT_000695,2022-06-06T20:51:36,CUST_02804,small_business,email,mobile_app,how_to,medium,closed_no_action,gold,How can I export my data from the mobile app section?,Happy to help with your question. Our team is reviewing this and will follow up within 24 hours.,Ticket closed without further action after no response from the customer.,135.28,0,positive,4,0,ios,LATAM
TCKT_000696,2024-10-13T02:57:57,CUST_07214,education,phone_transcript,api_integration,account_access,medium,in_progress,gold,My account was locked after multiple failed login attempts.,Sorry to hear you're having trouble accessing your account. Our team is reviewing this and will follow up within 24 hours.,,,0,very_negative,0,0,api_client,EU
TCKT_000697,2025-05-14T17:25:52,CUST_09851,non_profit,in_app,mobile_app,performance,medium,resolved,platinum,Overall performance has degraded in the last few days.,We understand performance issues can be frustrating. Our team is reviewing this and will follow up within 24 hours.,Optimized queries and increased resource allocation.,22.94,0,negative,2,0,android,NA
TCKT_000698,2023-08-02T21:07:06,CUST_08102,enterprise,chat,notifications,billing_problem,medium,closed_no_action,gold,I downgraded my plan but I am still being billed for the higher tier.,Thanks for reaching out about the billing issue. Our team is reviewing this and will follow up within 24 hours.,Ticket closed without further action after no response from the customer.,214.77,0,positive,5,0,desktop_app,APAC
TCKT_000699,2023-02-05T04:06:18,CUST_02363,enterprise,chat,data_export,performance,high,resolved,standard,Overall performance has degraded in the last few days.,We understand performance issues can be frustrating. We are prioritizing this and will update you as soon as possible.,Optimized queries and increased resource allocation.,11.33,0,neutral,3,0,desktop_app,LATAM
TCKT_000700,2025-03-04T23:10:31,CUST_09064,enterprise,phone_transcript,analytics_dashboard,how_to,medium,in_progress,standard,How can I export my data from the analytics dashboard section?,Happy to help with your question. Our team is reviewing this and will follow up within 24 hours.,,,0,neutral,3,1,api_client,NA
TCKT_000701,2024-07-08T21:13:19,CUST_02740,enterprise,chat,api_integration,billing_problem,low,resolved,gold,My invoice amount is incorrect compared to the plan I selected.,Thanks for reaching out about the billing issue. We will look into this and get back to you within the next 48 hours.,Adjusted the invoice and issued a refund where applicable.,46.64,0,negative,2,0,web,NA
TCKT_000702,2024-03-21T23:17:07,CUST_08729,individual,in_app,data_export,bug,low,resolved,platinum,The data export feature is not saving my changes.,Thanks for reporting this bug. We will look into this and get back to you within the next 48 hours.,Patched the bug and deployed a fix to production.,46.89,1,very_positive,5,0,api_client,LATAM
TCKT_000703,2022-10-02T05:53:07,CUST_01764,non_profit,chat,billing,account_access,medium,in_progress,standard,My account was locked after multiple failed login attempts.,Sorry to hear you're having trouble accessing your account. Our team is reviewing this and will follow up within 24 hours.,,,0,positive,0,1,api_client,LATAM
TCKT_000704,2025-11-11T14:31:38,CUST_07870,small_business,phone_transcript,analytics_dashboard,billing_problem,high,resolved,platinum,I downgraded my plan but I am still being billed for the higher tier.,Thanks for reaching out about the billing issue. We are prioritizing this and will update you as soon as possible.,Adjusted the invoice and issued a refund where applicable.,4.58,0,very_negative,0,1,ios,EU
TCKT_000705,2022-07-26T18:51:56,CUST_06949,education,in_app,api_integration,how_to,urgent,open,gold,I need help setting up api integration for my team.,Happy to help with your question. This has been escalated to our on-call team for immediate attention.,,,0,neutral,4,1,ios,MEA
TCKT_000706,2023-11-08T08:39:33,CUST_00573,individual,chat,notifications,feature_request,low,closed_no_action,gold,Our team needs more advanced options for notifications.,Thanks for your feature suggestion. We will look into this and get back to you within the next 48 hours.,Ticket closed without further action after no response from the customer.,131.93,0,negative,3,0,android,LATAM
TCKT_000707,2025-04-02T18:19:40,CUST_09820,small_business,chat,api_integration,feature_request,medium,closed_no_action,gold,Our team needs more advanced options for api integration.,Thanks for your feature suggestion. Our team is reviewing this and will follow up within 24 hours.,Ticket closed without further action after no response from the customer.,169.15,0,neutral,3,0,desktop_app,APAC
TCKT_000708,2025-02-25T00:12:03,CUST_08129,individual,chat,notifications,other,low,resolved,gold,I have a general question about my account.,Thanks for contacting support. We will look into this and get back to you within the next 48 hours.,Provided general guidance and confirmed the issue was resolved.,31.44,0,very_negative,1,0,web,APAC
TCKT_000709,2023-12-03T13:15:40,CUST_07321,enterprise,chat,billing,billing_problem,medium,resolved,standard,I downgraded my plan but I am still being billed for the higher tier.,Thanks for reaching out about the billing issue. Our team is reviewing this and will follow up within 24 hours.,Adjusted the invoice and issued a refund where applicable.,40.02,0,very_negative,1,0,ios,LATAM
TCKT_000710,2022-10-19T12:53:39,CUST_01080,education,web_form,billing,bug,high,open,gold,The billing feature is not saving my changes.,Thanks for reporting this bug. We are prioritizing this and will update you as soon as possible.,,,0,very_positive,0,0,ios,NA
TCKT_000711,2022-11-30T12:06:48,CUST_07234,non_profit,phone_transcript,notifications,account_access,medium,open,gold,My account was locked after multiple failed login attempts.,Sorry to hear you're having trouble accessing your account. Our team is reviewing this and will follow up within 24 hours.,,,0,negative,2,1,api_client,MEA
TCKT_000712,2023-09-14T08:57:28,CUST_09600,small_business,web_form,data_export,security_concern,low,resolved,gold,We need details about your data encryption and compliance.,We take security very seriously. We will look into this and get back to you within the next 48 hours.,"Investigated logs, mitigated the issue, and updated security settings.",38.9,0,negative,3,0,api_client,NA
TCKT_000713,2024-08-06T21:52:16,CUST_02856,non_profit,phone_transcript,analytics_dashboard,billing_problem,medium,resolved,standard,I downgraded my plan but I am still being billed for the higher tier.,Thanks for reaching out about the billing issue. Our team is reviewing this and will follow up within 24 hours.,Adjusted the invoice and issued a refund where applicable.,39.51,0,negative,0,0,desktop_app,APAC
TCKT_000714,2022-02-03T22:20:59,CUST_02935,enterprise,web_form,notifications,other,high,resolved,standard,I need help but I'm not sure which category this fits in.,Thanks for contacting support. We are prioritizing this and will update you as soon as possible.,Provided general guidance and confirmed the issue was resolved.,1.84,0,negative,3,0,web,MEA
TCKT_000715,2023-10-27T23:35:35,CUST_02099,small_business,web_form,login_auth,billing_problem,low,resolved,gold,I was charged twice for my subscription this month.,Thanks for reaching out about the billing issue. We will look into this and get back to you within the next 48 hours.,Adjusted the invoice and issued a refund where applicable.,57.89,0,neutral,4,0,api_client,APAC
TCKT_000716,2025-05-08T21:46:17,CUST_03058,small_business,chat,login_auth,feature_request,medium,resolved,standard,Can you add an option to customize login auth?,Thanks for your feature suggestion. Our team is reviewing this and will follow up within 24 hours.,Captured the request and added it to the product backlog.,33.29,0,neutral,4,0,api_client,NA
TCKT_000717,2022-10-19T22:13:16,CUST_06844,small_business,web_form,notifications,performance,medium,in_progress,gold,Queries in the notifications module are timing out.,We understand performance issues can be frustrating. Our team is reviewing this and will follow up within 24 hours.,,,0,neutral,0,0,web,LATAM
TCKT_000718,2022-10-08T04:26:03,CUST_05258,education,web_form,login_auth,feature_request,low,resolved,standard,Our team needs more advanced options for login auth.,Thanks for your feature suggestion. We will look into this and get back to you within the next 48 hours.,Captured the request and added it to the product backlog.,20.67,0,neutral,4,0,desktop_app,NA
TCKT_000719,2022-03-01T06:07:21,CUST_02887,small_business,email,login_auth,feature_request,low,in_progress,standard,It would be great to have login auth support in your product.,Thanks for your feature suggestion. We will look into this and get back to you within the next 48 hours.,,,0,neutral,4,0,api_client,NA
TCKT_000720,2025-05-03T04:56:52,CUST_00790,non_profit,chat,billing,feature_request,low,resolved,standard,Can you add an option to customize billing?,Thanks for your feature suggestion. We will look into this and get back to you within the next 48 hours.,Captured the request and added it to the product backlog.,49.37,0,very_positive,0,0,android,MEA
TCKT_000721,2023-11-14T02:41:19,CUST_07960,education,in_app,api_integration,bug,medium,resolved,standard,The api integration feature is not saving my changes.,Thanks for reporting this bug. Our team is reviewing this and will follow up within 24 hours.,Patched the bug and deployed a fix to production.,15.49,0,positive,4,0,ios,NA
TCKT_000722,2024-03-12T13:27:21,CUST_01309,small_business,web_form,api_integration,other,medium,open,gold,"Something seems off, can you please check my workspace?",Thanks for contacting support. Our team is reviewing this and will follow up within 24 hours.,,,0,negative,3,0,android,EU
TCKT_000723,2022-02-11T05:18:17,CUST_04481,education,in_app,login_auth,feature_request,low,resolved,standard,Our team needs more advanced options for login auth.,Thanks for your feature suggestion. We will look into this and get back to you within the next 48 hours.,Captured the request and added it to the product backlog.,44.56,0,positive,4,0,api_client,APAC
TCKT_000724,2024-05-06T17:14:40,CUST_06729,small_business,phone_transcript,analytics_dashboard,how_to,low,in_progress,standard,How can I export my data from the analytics dashboard section?,Happy to help with your question. We will look into this and get back to you within the next 48 hours.,,,0,neutral,4,0,desktop_app,LATAM
TCKT_000725,2023-10-23T02:30:02,CUST_03239,small_business,email,billing,billing_problem,medium,open,standard,I downgraded my plan but I am still being billed for the higher tier.,Thanks for reaching out about the billing issue. Our team is reviewing this and will follow up within 24 hours.,,,0,very_negative,0,1,api_client,LATAM
TCKT_000726,2024-01-20T16:35:30,CUST_03197,small_business,in_app,billing,feature_request,medium,open,standard,Can you add an option to customize billing?,Thanks for your feature suggestion. Our team is reviewing this and will follow up within 24 hours.,,,0,negative,3,1,api_client,MEA
TCKT_000727,2023-07-02T11:26:34,CUST_09720,individual,in_app,api_integration,how_to,low,resolved,platinum,How can I export my data from the api integration section?,Happy to help with your question. We will look into this and get back to you within the next 48 hours.,Provided step-by-step instructions and relevant documentation.,8.25,0,neutral,3,0,desktop_app,EU
TCKT_000728,2023-12-12T15:09:22,CUST_03065,non_profit,in_app,notifications,bug,high,resolved,gold,The notifications feature is not saving my changes.,Thanks for reporting this bug. We are prioritizing this and will update you as soon as possible.,Patched the bug and deployed a fix to production.,10.98,0,positive,4,0,desktop_app,MEA
TCKT_000729,2025-02-20T04:46:32,CUST_05191,education,phone_transcript,notifications,bug,low,closed_no_action,standard,The notifications feature is not saving my changes.,Thanks for reporting this bug. We will look into this and get back to you within the next 48 hours.,Ticket closed without further action after no response from the customer.,62.35,0,very_positive,5,0,api_client,LATAM
TCKT_000730,2023-02-06T11:27:55,CUST_04678,small_business,web_form,notifications,security_concern,low,closed_no_action,standard,We need details about your data encryption and compliance.,We take security very seriously. We will look into this and get back to you within the next 48 hours.,Ticket closed without further action after no response from the customer.,144.92,0,negative,3,1,api_client,MEA
TCKT_000731,2025-07-30T03:12:27,CUST_04542,individual,web_form,login_auth,account_access,low,resolved,gold,My 2FA code is not working when I try to sign in.,Sorry to hear you're having trouble accessing your account. We will look into this and get back to you within the next 48 hours.,Reset account credentials and confirmed successful login.,18.04,0,very_negative,2,0,android,NA
TCKT_000732,2023-10-16T16:45:26,CUST_07233,enterprise,in_app,api_integration,security_concern,medium,in_progress,standard,We need details about your data encryption and compliance.,We take security very seriously. Our team is reviewing this and will follow up within 24 hours.,,,0,neutral,4,0,android,NA
TCKT_000733,2023-10-28T12:46:52,CUST_09482,individual,in_app,api_integration,how_to,low,on_hold,standard,Can you explain how to configure api integration properly?,Happy to help with your question. We will look into this and get back to you within the next 48 hours.,,,0,neutral,0,0,web,LATAM
TCKT_000734,2022-08-02T11:35:06,CUST_02957,small_business,phone_transcript,analytics_dashboard,performance,medium,resolved,standard,The analytics dashboard page is very slow and takes a long time to load.,We understand performance issues can be frustrating. Our team is reviewing this and will follow up within 24 hours.,Optimized queries and increased resource allocation.,27.56,0,neutral,3,0,android,LATAM
TCKT_000735,2022-07-17T06:56:58,CUST_02757,non_profit,phone_transcript,mobile_app,security_concern,low,open,gold,There seems to be a vulnerability in the mobile app functionality.,We take security very seriously. We will look into this and get back to you within the next 48 hours.,,,0,neutral,3,0,ios,MEA
TCKT_000736,2024-02-23T02:02:00,CUST_09174,enterprise,web_form,notifications,billing_problem,medium,resolved,platinum,My invoice amount is incorrect compared to the plan I selected.,Thanks for reaching out about the billing issue. Our team is reviewing this and will follow up within 24 hours.,Adjusted the invoice and issued a refund where applicable.,46.49,0,very_negative,2,1,api_client,MEA
TCKT_000737,2025-05-12T15:19:28,CUST_09973,education,chat,mobile_app,other,low,resolved,standard,"Something seems off, can you please check my workspace?",Thanks for contacting support. We will look into this and get back to you within the next 48 hours.,Provided general guidance and confirmed the issue was resolved.,28.68,0,very_positive,5,1,ios,MEA
TCKT_000738,2023-12-07T17:16:58,CUST_06773,enterprise,web_form,data_export,feature_request,low,resolved,standard,Our team needs more advanced options for data export.,Thanks for your feature suggestion. We will look into this and get back to you within the next 48 hours.,Captured the request and added it to the product backlog.,54.03,0,positive,5,0,web,EU
TCKT_000739,2023-07-19T06:42:11,CUST_07613,education,chat,billing,billing_problem,medium,open,standard,I downgraded my plan but I am still being billed for the higher tier.,Thanks for reaching out about the billing issue. Our team is reviewing this and will follow up within 24 hours.,,,0,positive,4,1,desktop_app,APAC
TCKT_000740,2023-02-11T01:46:04,CUST_04048,non_profit,in_app,data_export,bug,low,closed_no_action,gold,The page keeps crashing whenever I try to open the data export section.,Thanks for reporting this bug. We will look into this and get back to you within the next 48 hours.,Ticket closed without further action after no response from the customer.,39.53,0,very_positive,5,0,desktop_app,NA
TCKT_000741,2025-01-04T07:21:58,CUST_06669,individual,chat,analytics_dashboard,security_concern,low,on_hold,standard,I noticed a suspicious login on my account.,We take security very seriously. We will look into this and get back to you within the next 48 hours.,,,0,negative,2,0,web,APAC
TCKT_000742,2023-08-29T05:33:59,CUST_04923,small_business,phone_transcript,billing,bug,medium,in_progress,standard,The billing feature is not saving my changes.,Thanks for reporting this bug. Our team is reviewing this and will follow up within 24 hours.,,,0,positive,0,1,desktop_app,LATAM
TCKT_000743,2023-04-02T15:45:58,CUST_01156,non_profit,in_app,mobile_app,bug,medium,closed_no_action,platinum,The page keeps crashing whenever I try to open the mobile app section.,Thanks for reporting this bug. Our team is reviewing this and will follow up within 24 hours.,Ticket closed without further action after no response from the customer.,68.68,0,neutral,0,0,desktop_app,LATAM
TCKT_000744,2025-07-04T13:04:02,CUST_05405,individual,chat,notifications,account_access,high,on_hold,standard,I cannot log in; the system says my password is incorrect.,Sorry to hear you're having trouble accessing your account. We are prioritizing this and will update you as soon as possible.,,,0,positive,5,0,web,MEA
TCKT_000745,2023-10-01T05:41:44,CUST_08445,non_profit,in_app,data_export,billing_problem,low,open,gold,I downgraded my plan but I am still being billed for the higher tier.,Thanks for reaching out about the billing issue. We will look into this and get back to you within the next 48 hours.,,,0,negative,0,0,android,NA
TCKT_000746,2023-01-20T17:12:18,CUST_02569,enterprise,chat,data_export,bug,medium,resolved,platinum,The page keeps crashing whenever I try to open the data export section.,Thanks for reporting this bug. Our team is reviewing this and will follow up within 24 hours.,Patched the bug and deployed a fix to production.,12.82,0,negative,0,0,web,APAC
TCKT_000747,2022-08-16T21:11:54,CUST_02732,education,phone_transcript,data_export,security_concern,medium,resolved,platinum,We need details about your data encryption and compliance.,We take security very seriously. Our team is reviewing this and will follow up within 24 hours.,"Investigated logs, mitigated the issue, and updated security settings.",6.13,0,very_negative,2,0,api_client,EU
TCKT_000748,2022-12-26T18:27:15,CUST_00077,non_profit,email,data_export,how_to,medium,resolved,gold,How can I export my data from the data export section?,Happy to help with your question. Our team is reviewing this and will follow up within 24 hours.,Provided step-by-step instructions and relevant documentation.,26.51,0,negative,0,1,api_client,APAC
TCKT_000749,2022-12-06T18:02:03,CUST_00245,non_profit,in_app,mobile_app,performance,low,resolved,standard,Overall performance has degraded in the last few days.,We understand performance issues can be frustrating. We will look into this and get back to you within the next 48 hours.,Optimized queries and increased resource allocation.,45.95,0,negative,0,0,android,MEA
TCKT_000750,2022-12-26T15:47:35,CUST_07326,small_business,web_form,analytics_dashboard,bug,low,resolved,platinum,I am seeing an error message when I click on analytics dashboard.,Thanks for reporting this bug. We will look into this and get back to you within the next 48 hours.,Patched the bug and deployed a fix to production.,58.6,1,negative,3,0,android,LATAM
TCKT_000751,2024-03-10T02:06:07,CUST_07632,non_profit,email,api_integration,how_to,medium,in_progress,standard,Can you explain how to configure api integration properly?,Happy to help with your question. Our team is reviewing this and will follow up within 24 hours.,,,0,neutral,4,0,ios,APAC
TCKT_000752,2024-04-20T02:54:54,CUST_02652,individual,in_app,mobile_app,account_access,low,resolved,standard,My account was locked after multiple failed login attempts.,Sorry to hear you're having trouble accessing your account. We will look into this and get back to you within the next 48 hours.,Reset account credentials and confirmed successful login.,50.27,0,negative,0,1,desktop_app,LATAM
TCKT_000753,2022-12-19T13:37:59,CUST_02297,non_profit,web_form,notifications,billing_problem,medium,resolved,gold,My invoice amount is incorrect compared to the plan I selected.,Thanks for reaching out about the billing issue. Our team is reviewing this and will follow up within 24 hours.,Adjusted the invoice and issued a refund where applicable.,40.43,0,neutral,0,0,desktop_app,LATAM
TCKT_000754,2025-11-21T07:46:15,CUST_05986,non_profit,email,analytics_dashboard,how_to,medium,resolved,standard,I need help setting up analytics dashboard for my team.,Happy to help with your question. Our team is reviewing this and will follow up within 24 hours.,Provided step-by-step instructions and relevant documentation.,39.41,0,neutral,3,1,web,LATAM
TCKT_000755,2024-11-03T21:40:53,CUST_09938,small_business,chat,notifications,performance,medium,resolved,gold,Overall performance has degraded in the last few days.,We understand performance issues can be frustrating. Our team is reviewing this and will follow up within 24 hours.,Optimized queries and increased resource allocation.,40.12,0,very_negative,1,0,ios,MEA
TCKT_000756,2022-12-09T15:18:16,CUST_04367,non_profit,email,data_export,account_access,medium,open,standard,I cannot log in; the system says my password is incorrect.,Sorry to hear you're having trouble accessing your account. Our team is reviewing this and will follow up within 24 hours.,,,0,very_negative,0,0,ios,NA
TCKT_000757,2022-07-19T21:37:05,CUST_07191,education,phone_transcript,billing,feature_request,medium,resolved,standard,Can you add an option to customize billing?,Thanks for your feature suggestion. Our team is reviewing this and will follow up within 24 hours.,Captured the request and added it to the product backlog.,7.46,0,neutral,4,0,ios,APAC
TCKT_000758,2024-01-16T18:06:42,CUST_00653,small_business,in_app,mobile_app,feature_request,medium,resolved,standard,Our team needs more advanced options for mobile app.,Thanks for your feature suggestion. Our team is reviewing this and will follow up within 24 hours.,Captured the request and added it to the product backlog.,47.31,0,neutral,0,0,android,LATAM
TCKT_000759,2025-03-03T04:03:31,CUST_09581,small_business,chat,data_export,billing_problem,medium,resolved,standard,My invoice amount is incorrect compared to the plan I selected.,Thanks for reaching out about the billing issue. Our team is reviewing this and will follow up within 24 hours.,Adjusted the invoice and issued a refund where applicable.,23.74,0,negative,3,0,android,EU
TCKT_000760,2024-06-13T04:40:40,CUST_06450,small_business,chat,notifications,performance,high,on_hold,gold,The notifications page is very slow and takes a long time to load.,We understand performance issues can be frustrating. We are prioritizing this and will update you as soon as possible.,,,0,very_negative,0,0,web,NA
TCKT_000761,2025-09-16T20:39:32,CUST_08809,individual,web_form,api_integration,bug,high,resolved,standard,The api integration feature is not saving my changes.,Thanks for reporting this bug. We are prioritizing this and will update you as soon as possible.,Patched the bug and deployed a fix to production.,3.75,0,positive,0,0,web,LATAM
TCKT_000762,2022-10-16T19:44:15,CUST_04954,enterprise,in_app,mobile_app,other,low,resolved,gold,I need help but I'm not sure which category this fits in.,Thanks for contacting support. We will look into this and get back to you within the next 48 hours.,Provided general guidance and confirmed the issue was resolved.,36.8,0,neutral,4,1,ios,LATAM
TCKT_000763,2024-11-24T16:59:28,CUST_03400,small_business,in_app,mobile_app,security_concern,medium,resolved,standard,I noticed a suspicious login on my account.,We take security very seriously. Our team is reviewing this and will follow up within 24 hours.,"Investigated logs, mitigated the issue, and updated security settings.",26.16,0,very_negative,2,0,api_client,EU
TCKT_000764,2023-03-24T07:48:54,CUST_09408,individual,in_app,notifications,security_concern,high,resolved,standard,We need details about your data encryption and compliance.,We take security very seriously. We are prioritizing this and will update you as soon as possible.,"Investigated logs, mitigated the issue, and updated security settings.",15.91,0,very_negative,1,1,api_client,NA
TCKT_000765,2025-07-08T17:19:22,CUST_03004,non_profit,phone_transcript,analytics_dashboard,feature_request,medium,resolved,standard,Can you add an option to customize analytics dashboard?,Thanks for your feature suggestion. Our team is reviewing this and will follow up within 24 hours.,Captured the request and added it to the product backlog.,5.9,1,neutral,3,1,web,MEA
TCKT_000766,2024-01-04T04:13:36,CUST_03654,education,phone_transcript,data_export,bug,low,in_progress,platinum,The page keeps crashing whenever I try to open the data export section.,Thanks for reporting this bug. We will look into this and get back to you within the next 48 hours.,,,0,neutral,0,1,android,LATAM
TCKT_000767,2025-07-16T05:20:09,CUST_07690,non_profit,email,mobile_app,performance,high,resolved,gold,Queries in the mobile app module are timing out.,We understand performance issues can be frustrating. We are prioritizing this and will update you as soon as possible.,Optimized queries and increased resource allocation.,22.12,0,negative,0,0,ios,EU
TCKT_000768,2025-02-23T12:29:55,CUST_01775,non_profit,phone_transcript,login_auth,account_access,low,resolved,standard,My 2FA code is not working when I try to sign in.,Sorry to hear you're having trouble accessing your account. We will look into this and get back to you within the next 48 hours.,Reset account credentials and confirmed successful login.,66.08,0,very_negative,2,1,api_client,APAC
TCKT_000769,2024-02-18T01:57:52,CUST_08470,enterprise,chat,analytics_dashboard,security_concern,low,on_hold,platinum,I noticed a suspicious login on my account.,We take security very seriously. We will look into this and get back to you within the next 48 hours.,,,0,negative,3,0,desktop_app,APAC
TCKT_000770,2022-09-10T11:15:33,CUST_09450,enterprise,web_form,mobile_app,other,high,in_progress,platinum,I have a general question about my account.,Thanks for contacting support. We are prioritizing this and will update you as soon as possible.,,,0,positive,4,0,api_client,EU
TCKT_000771,2024-01-07T12:33:55,CUST_03874,non_profit,chat,notifications,how_to,high,resolved,gold,Can you explain how to configure notifications properly?,Happy to help with your question. We are prioritizing this and will update you as soon as possible.,Provided step-by-step instructions and relevant documentation.,6.04,0,neutral,4,1,ios,EU
TCKT_000772,2024-01-27T14:57:57,CUST_00482,non_profit,web_form,notifications,security_concern,low,resolved,standard,I noticed a suspicious login on my account.,We take security very seriously. We will look into this and get back to you within the next 48 hours.,"Investigated logs, mitigated the issue, and updated security settings.",37.56,0,negative,3,0,android,EU
TCKT_000773,2023-08-11T05:21:58,CUST_04019,education,email,login_auth,security_concern,medium,open,gold,We need details about your data encryption and compliance.,We take security very seriously. Our team is reviewing this and will follow up within 24 hours.,,,0,negative,0,0,android,MEA
TCKT_000774,2023-08-12T03:34:35,CUST_09267,non_profit,phone_transcript,notifications,other,low,resolved,standard,"Something seems off, can you please check my workspace?",Thanks for contacting support. We will look into this and get back to you within the next 48 hours.,Provided general guidance and confirmed the issue was resolved.,38.47,0,very_positive,5,0,ios,MEA
TCKT_000775,2024-01-10T10:16:48,CUST_09796,non_profit,email,analytics_dashboard,how_to,medium,resolved,gold,Can you explain how to configure analytics dashboard properly?,Happy to help with your question. Our team is reviewing this and will follow up within 24 hours.,Provided step-by-step instructions and relevant documentation.,14.04,0,very_positive,5,0,android,NA
TCKT_000776,2023-07-17T18:46:49,CUST_08904,small_business,phone_transcript,analytics_dashboard,how_to,medium,resolved,standard,I need help setting up analytics dashboard for my team.,Happy to help with your question. Our team is reviewing this and will follow up within 24 hours.,Provided step-by-step instructions and relevant documentation.,11.76,0,positive,4,0,ios,APAC
TCKT_000777,2024-01-21T02:04:21,CUST_05770,enterprise,phone_transcript,api_integration,account_access,low,closed_no_action,standard,My 2FA code is not working when I try to sign in.,Sorry to hear you're having trouble accessing your account. We will look into this and get back to you within the next 48 hours.,Ticket closed without further action after no response from the customer.,129.99,0,negative,3,0,web,LATAM
TCKT_000778,2023-12-23T16:57:28,CUST_07728,individual,phone_transcript,notifications,billing_problem,low,resolved,gold,I downgraded my plan but I am still being billed for the higher tier.,Thanks for reaching out about the billing issue. We will look into this and get back to you within the next 48 hours.,Adjusted the invoice and issued a refund where applicable.,14.62,1,very_negative,0,0,api_client,MEA
TCKT_000779,2022-08-19T20:51:26,CUST_09229,small_business,phone_transcript,mobile_app,performance,low,on_hold,gold,Queries in the mobile app module are timing out.,We understand performance issues can be frustrating. We will look into this and get back to you within the next 48 hours.,,,0,very_positive,5,0,api_client,LATAM
TCKT_000780,2024-04-30T10:40:17,CUST_03082,education,email,analytics_dashboard,account_access,medium,on_hold,standard,My 2FA code is not working when I try to sign in.,Sorry to hear you're having trouble accessing your account. Our team is reviewing this and will follow up within 24 hours.,,,0,neutral,4,0,android,EU
TCKT_000781,2025-01-20T22:59:59,CUST_05831,enterprise,web_form,data_export,security_concern,medium,resolved,gold,I noticed a suspicious login on my account.,We take security very seriously. Our team is reviewing this and will follow up within 24 hours.,"Investigated logs, mitigated the issue, and updated security settings.",6.46,0,negative,2,0,web,EU
TCKT_000782,2023-02-07T04:16:00,CUST_04491,enterprise,chat,mobile_app,performance,low,resolved,standard,Queries in the mobile app module are timing out.,We understand performance issues can be frustrating. We will look into this and get back to you within the next 48 hours.,Optimized queries and increased resource allocation.,10.81,0,neutral,3,0,ios,APAC
TCKT_000783,2022-05-07T09:56:21,CUST_04301,non_profit,web_form,mobile_app,other,low,resolved,standard,"Something seems off, can you please check my workspace?",Thanks for contacting support. We will look into this and get back to you within the next 48 hours.,Provided general guidance and confirmed the issue was resolved.,11.11,0,neutral,4,0,api_client,MEA
TCKT_000784,2024-04-04T04:19:45,CUST_02986,education,web_form,login_auth,feature_request,medium,resolved,standard,It would be great to have login auth support in your product.,Thanks for your feature suggestion. Our team is reviewing this and will follow up within 24 hours.,Captured the request and added it to the product backlog.,8.16,0,positive,5,1,android,EU
TCKT_000785,2022-10-26T11:09:15,CUST_09633,enterprise,email,login_auth,feature_request,medium,resolved,gold,Can you add an option to customize login auth?,Thanks for your feature suggestion. Our team is reviewing this and will follow up within 24 hours.,Captured the request and added it to the product backlog.,44.82,0,very_positive,5,0,web,NA
TCKT_000786,2024-03-14T03:20:37,CUST_05721,individual,web_form,api_integration,bug,low,resolved,standard,The page keeps crashing whenever I try to open the api integration section.,Thanks for reporting this bug. We will look into this and get back to you within the next 48 hours.,Patched the bug and deployed a fix to production.,65.33,0,neutral,4,1,desktop_app,MEA
TCKT_000787,2025-04-11T08:22:19,CUST_09582,individual,email,mobile_app,feature_request,low,resolved,standard,It would be great to have mobile app support in your product.,Thanks for your feature suggestion. We will look into this and get back to you within the next 48 hours.,Captured the request and added it to the product backlog.,66.48,0,positive,0,1,desktop_app,APAC
TCKT_000788,2025-12-30T18:27:57,CUST_01194,small_business,chat,data_export,account_access,medium,on_hold,standard,My 2FA code is not working when I try to sign in.,Sorry to hear you're having trouble accessing your account. Our team is reviewing this and will follow up within 24 hours.,,,0,very_negative,2,1,android,EU
TCKT_000789,2023-02-14T06:27:35,CUST_00713,non_profit,chat,billing,bug,low,resolved,standard,The billing feature is not saving my changes.,Thanks for reporting this bug. We will look into this and get back to you within the next 48 hours.,Patched the bug and deployed a fix to production.,52.98,0,very_negative,0,0,ios,APAC
TCKT_000790,2022-03-23T11:02:50,CUST_06958,education,web_form,notifications,account_access,medium,resolved,standard,My account was locked after multiple failed login attempts.,Sorry to hear you're having trouble accessing your account. Our team is reviewing this and will follow up within 24 hours.,Reset account credentials and confirmed successful login.,6.47,1,very_negative,2,0,desktop_app,EU
TCKT_000791,2025-12-24T07:38:30,CUST_04569,non_profit,chat,api_integration,other,medium,closed_no_action,standard,I need help but I'm not sure which category this fits in.,Thanks for contacting support. Our team is reviewing this and will follow up within 24 hours.,Ticket closed without further action after no response from the customer.,173.87,0,neutral,4,0,api_client,LATAM
TCKT_000792,2024-08-16T12:45:40,CUST_01579,non_profit,in_app,mobile_app,performance,high,resolved,gold,Overall performance has degraded in the last few days.,We understand performance issues can be frustrating. We are prioritizing this and will update you as soon as possible.,Optimized queries and increased resource allocation.,1.31,0,very_negative,1,0,api_client,EU
TCKT_000793,2023-02-16T08:07:08,CUST_07834,individual,web_form,mobile_app,performance,low,resolved,gold,Overall performance has degraded in the last few days.,We understand performance issues can be frustrating. We will look into this and get back to you within the next 48 hours.,Optimized queries and increased resource allocation.,37.05,0,negative,2,1,ios,EU
TCKT_000794,2023-08-15T05:41:28,CUST_06605,enterprise,email,billing,feature_request,medium,in_progress,gold,Can you add an option to customize billing?,Thanks for your feature suggestion. Our team is reviewing this and will follow up within 24 hours.,,,0,neutral,0,0,ios,LATAM
TCKT_000795,2023-10-10T12:25:52,CUST_02023,non_profit,email,data_export,other,low,on_hold,standard,"Something seems off, can you please check my workspace?",Thanks for contacting support. We will look into this and get back to you within the next 48 hours.,,,0,neutral,4,0,ios,NA
TCKT_000796,2024-05-08T07:40:49,CUST_07346,education,phone_transcript,api_integration,billing_problem,medium,in_progress,gold,I was charged twice for my subscription this month.,Thanks for reaching out about the billing issue. Our team is reviewing this and will follow up within 24 hours.,,,0,very_negative,1,1,api_client,APAC
TCKT_000797,2025-12-13T01:14:37,CUST_02667,small_business,web_form,api_integration,security_concern,high,in_progress,standard,We need details about your data encryption and compliance.,We take security very seriously. We are prioritizing this and will update you as soon as possible.,,,0,neutral,3,0,android,EU
TCKT_000798,2022-08-08T22:55:57,CUST_09157,education,web_form,login_auth,account_access,medium,resolved,standard,I cannot log in; the system says my password is incorrect.,Sorry to hear you're having trouble accessing your account. Our team is reviewing this and will follow up within 24 hours.,Reset account credentials and confirmed successful login.,18.64,0,very_negative,0,0,desktop_app,EU
TCKT_000799,2024-03-13T01:33:52,CUST_02581,non_profit,in_app,notifications,account_access,low,resolved,gold,My 2FA code is not working when I try to sign in.,Sorry to hear you're having trouble accessing your account. We will look into this and get back to you within the next 48 hours.,Reset account credentials and confirmed successful login.,27.13,0,very_negative,0,0,api_client,APAC
TCKT_000800,2022-01-26T15:16:19,CUST_01075,education,chat,notifications,how_to,medium,resolved,gold,How can I export my data from the notifications section?,Happy to help with your question. Our team is reviewing this and will follow up within 24 hours.,Provided step-by-step instructions and relevant documentation.,6.42,0,very_positive,5,1,android,APAC
TCKT_000801,2025-06-17T03:34:17,CUST_04609,individual,web_form,api_integration,other,high,in_progress,standard,"Something seems off, can you please check my workspace?",Thanks for contacting support. We are prioritizing this and will update you as soon as possible.,,,0,negative,0,1,api_client,LATAM
TCKT_000802,2023-04-03T10:55:09,CUST_06130,small_business,phone_transcript,billing,feature_request,medium,on_hold,gold,It would be great to have billing support in your product.,Thanks for your feature suggestion. Our team is reviewing this and will follow up within 24 hours.,,,0,neutral,0,1,api_client,NA
TCKT_000803,2022-09-14T12:34:28,CUST_05242,small_business,email,mobile_app,account_access,low,resolved,gold,I cannot log in; the system says my password is incorrect.,Sorry to hear you're having trouble accessing your account. We will look into this and get back to you within the next 48 hours.,Reset account credentials and confirmed successful login.,71.93,0,neutral,3,0,desktop_app,NA
TCKT_000804,2022-03-31T12:54:45,CUST_06001,small_business,email,login_auth,bug,high,on_hold,standard,I am seeing an error message when I click on login auth.,Thanks for reporting this bug. We are prioritizing this and will update you as soon as possible.,,,0,neutral,3,0,android,APAC
TCKT_000805,2023-05-21T07:28:32,CUST_06469,education,phone_transcript,notifications,other,low,resolved,standard,"Something seems off, can you please check my workspace?",Thanks for contacting support. We will look into this and get back to you within the next 48 hours.,Provided general guidance and confirmed the issue was resolved.,33.49,0,neutral,4,1,desktop_app,NA
TCKT_000806,2022-03-08T19:02:18,CUST_04660,enterprise,email,notifications,feature_request,low,resolved,standard,It would be great to have notifications support in your product.,Thanks for your feature suggestion. We will look into this and get back to you within the next 48 hours.,Captured the request and added it to the product backlog.,33.83,0,positive,4,0,ios,LATAM
TCKT_000807,2025-09-08T03:00:22,CUST_02751,individual,in_app,analytics_dashboard,feature_request,low,on_hold,standard,It would be great to have analytics dashboard support in your product.,Thanks for your feature suggestion. We will look into this and get back to you within the next 48 hours.,,,0,very_positive,0,0,ios,LATAM
TCKT_000808,2025-06-14T03:49:47,CUST_07805,individual,email,notifications,billing_problem,medium,resolved,gold,My invoice amount is incorrect compared to the plan I selected.,Thanks for reaching out about the billing issue. Our team is reviewing this and will follow up within 24 hours.,Adjusted the invoice and issued a refund where applicable.,9.5,0,very_negative,2,0,desktop_app,EU
TCKT_000809,2023-03-11T03:20:31,CUST_01185,individual,chat,analytics_dashboard,how_to,high,resolved,platinum,Can you explain how to configure analytics dashboard properly?,Happy to help with your question. We are prioritizing this and will update you as soon as possible.,Provided step-by-step instructions and relevant documentation.,1.52,0,negative,3,0,android,LATAM
TCKT_000810,2022-10-12T15:08:25,CUST_02889,education,phone_transcript,mobile_app,feature_request,low,on_hold,standard,Our team needs more advanced options for mobile app.,Thanks for your feature suggestion. We will look into this and get back to you within the next 48 hours.,,,0,neutral,4,0,web,MEA
TCKT_000811,2025-04-10T02:44:01,CUST_04504,non_profit,email,mobile_app,other,high,resolved,standard,I need help but I'm not sure which category this fits in.,Thanks for contacting support. We are prioritizing this and will update you as soon as possible.,Provided general guidance and confirmed the issue was resolved.,9.84,0,positive,0,0,ios,EU
TCKT_000812,2022-09-25T10:13:40,CUST_04263,enterprise,email,notifications,billing_problem,low,resolved,gold,I was charged twice for my subscription this month.,Thanks for reaching out about the billing issue. We will look into this and get back to you within the next 48 hours.,Adjusted the invoice and issued a refund where applicable.,26.71,0,positive,5,1,android,LATAM
TCKT_000813,2024-02-07T06:27:17,CUST_02577,enterprise,email,login_auth,account_access,high,in_progress,gold,My account was locked after multiple failed login attempts.,Sorry to hear you're having trouble accessing your account. We are prioritizing this and will update you as soon as possible.,,,0,neutral,4,0,web,LATAM
TCKT_000814,2022-10-05T19:34:54,CUST_00633,small_business,email,billing,other,low,resolved,standard,I need help but I'm not sure which category this fits in.,Thanks for contacting support. We will look into this and get back to you within the next 48 hours.,Provided general guidance and confirmed the issue was resolved.,59.88,0,positive,5,0,api_client,EU
TCKT_000815,2024-05-24T07:00:12,CUST_03083,enterprise,email,login_auth,feature_request,high,open,gold,Can you add an option to customize login auth?,Thanks for your feature suggestion. We are prioritizing this and will update you as soon as possible.,,,0,very_negative,2,0,web,MEA
TCKT_000816,2024-04-14T14:27:27,CUST_02240,enterprise,email,billing,performance,medium,in_progress,platinum,Queries in the billing module are timing out.,We understand performance issues can be frustrating. Our team is reviewing this and will follow up within 24 hours.,,,0,negative,2,0,android,MEA
TCKT_000817,2022-03-05T20:22:32,CUST_06153,individual,chat,analytics_dashboard,billing_problem,low,resolved,gold,My invoice amount is incorrect compared to the plan I selected.,Thanks for reaching out about the billing issue. We will look into this and get back to you within the next 48 hours.,Adjusted the invoice and issued a refund where applicable.,34.72,0,neutral,3,0,api_client,APAC
TCKT_000818,2024-04-04T15:13:08,CUST_08635,education,chat,billing,security_concern,high,closed_no_action,gold,We need details about your data encryption and compliance.,We take security very seriously. We are prioritizing this and will update you as soon as possible.,Ticket closed without further action after no response from the customer.,199.05,0,negative,0,0,android,APAC
TCKT_000819,2024-09-10T18:00:50,CUST_03410,individual,web_form,data_export,other,high,on_hold,platinum,I need help but I'm not sure which category this fits in.,Thanks for contacting support. We are prioritizing this and will update you as soon as possible.,,,0,positive,4,0,ios,MEA
TCKT_000820,2025-03-24T13:03:02,CUST_02485,education,chat,api_integration,feature_request,low,closed_no_action,standard,Our team needs more advanced options for api integration.,Thanks for your feature suggestion. We will look into this and get back to you within the next 48 hours.,Ticket closed without further action after no response from the customer.,76.98,0,neutral,3,0,ios,APAC
TCKT_000821,2022-04-09T22:19:56,CUST_06840,education,phone_transcript,notifications,feature_request,medium,in_progress,gold,It would be great to have notifications support in your product.,Thanks for your feature suggestion. Our team is reviewing this and will follow up within 24 hours.,,,0,neutral,4,0,api_client,EU
TCKT_000822,2024-07-29T16:38:52,CUST_06183,education,phone_transcript,notifications,account_access,medium,open,standard,My account was locked after multiple failed login attempts.,Sorry to hear you're having trouble accessing your account. Our team is reviewing this and will follow up within 24 hours.,,,1,positive,4,0,ios,LATAM
TCKT_000823,2022-07-06T06:35:40,CUST_07063,individual,in_app,analytics_dashboard,feature_request,medium,resolved,platinum,It would be great to have analytics dashboard support in your product.,Thanks for your feature suggestion. Our team is reviewing this and will follow up within 24 hours.,Captured the request and added it to the product backlog.,6.04,0,neutral,0,0,api_client,APAC
TCKT_000824,2025-07-23T07:53:25,CUST_03684,non_profit,chat,mobile_app,how_to,medium,resolved,gold,Can you explain how to configure mobile app properly?,Happy to help with your question. Our team is reviewing this and will follow up within 24 hours.,Provided step-by-step instructions and relevant documentation.,4.88,0,very_positive,5,0,api_client,LATAM
TCKT_000825,2022-04-27T22:49:47,CUST_06404,small_business,in_app,data_export,other,low,resolved,standard,I need help but I'm not sure which category this fits in.,Thanks for contacting support. We will look into this and get back to you within the next 48 hours.,Provided general guidance and confirmed the issue was resolved.,62.4,0,positive,4,0,android,MEA
TCKT_000826,2025-09-25T09:22:32,CUST_06035,enterprise,phone_transcript,analytics_dashboard,performance,medium,resolved,gold,The analytics dashboard page is very slow and takes a long time to load.,We understand performance issues can be frustrating. Our team is reviewing this and will follow up within 24 hours.,Optimized queries and increased resource allocation.,19.06,0,neutral,4,0,web,MEA
TCKT_000827,2023-09-19T14:24:35,CUST_00154,individual,email,notifications,feature_request,high,resolved,standard,It would be great to have notifications support in your product.,Thanks for your feature suggestion. We are prioritizing this and will update you as soon as possible.,Captured the request and added it to the product backlog.,7.14,0,very_positive,0,0,web,EU
TCKT_000828,2024-11-03T12:53:22,CUST_08734,individual,web_form,login_auth,how_to,high,resolved,standard,How can I export my data from the login auth section?,Happy to help with your question. We are prioritizing this and will update you as soon as possible.,Provided step-by-step instructions and relevant documentation.,8.04,0,positive,0,0,api_client,LATAM
TCKT_000829,2024-09-16T00:15:38,CUST_04239,education,in_app,api_integration,account_access,low,resolved,gold,I cannot log in; the system says my password is incorrect.,Sorry to hear you're having trouble accessing your account. We will look into this and get back to you within the next 48 hours.,Reset account credentials and confirmed successful login.,65.44,0,negative,2,0,ios,EU
TCKT_000830,2023-07-28T15:19:41,CUST_03524,non_profit,email,billing,billing_problem,high,on_hold,standard,I downgraded my plan but I am still being billed for the higher tier.,Thanks for reaching out about the billing issue. We are prioritizing this and will update you as soon as possible.,,,0,negative,0,0,desktop_app,NA
TCKT_000831,2024-06-29T17:04:59,CUST_03886,education,email,mobile_app,security_concern,medium,open,platinum,We need details about your data encryption and compliance.,We take security very seriously. Our team is reviewing this and will follow up within 24 hours.,,,0,very_negative,1,1,web,MEA
TCKT_000832,2022-02-26T06:51:39,CUST_04115,enterprise,in_app,billing,how_to,low,in_progress,standard,I need help setting up billing for my team.,Happy to help with your question. We will look into this and get back to you within the next 48 hours.,,,0,very_positive,0,0,web,EU
TCKT_000833,2025-06-06T02:15:14,CUST_06251,non_profit,email,billing,billing_problem,high,in_progress,platinum,I downgraded my plan but I am still being billed for the higher tier.,Thanks for reaching out about the billing issue. We are prioritizing this and will update you as soon as possible.,,,0,negative,2,0,desktop_app,EU
TCKT_000834,2024-11-17T11:12:58,CUST_04636,small_business,in_app,data_export,billing_problem,medium,in_progress,gold,I downgraded my plan but I am still being billed for the higher tier.,Thanks for reaching out about the billing issue. Our team is reviewing this and will follow up within 24 hours.,,,0,very_negative,1,0,android,MEA
TCKT_000835,2024-01-17T19:38:00,CUST_04980,non_profit,web_form,data_export,how_to,medium,on_hold,gold,Can you explain how to configure data export properly?,Happy to help with your question. Our team is reviewing this and will follow up within 24 hours.,,,0,negative,2,0,api_client,APAC
TCKT_000836,2022-05-06T21:24:57,CUST_01341,education,web_form,billing,feature_request,medium,closed_no_action,gold,It would be great to have billing support in your product.,Thanks for your feature suggestion. Our team is reviewing this and will follow up within 24 hours.,Ticket closed without further action after no response from the customer.,144.85,0,very_negative,0,0,api_client,LATAM
TCKT_000837,2025-02-14T10:05:48,CUST_02759,non_profit,phone_transcript,data_export,feature_request,medium,in_progress,standard,Our team needs more advanced options for data export.,Thanks for your feature suggestion. Our team is reviewing this and will follow up within 24 hours.,,,0,negative,3,0,api_client,LATAM
TCKT_000838,2024-05-09T21:14:04,CUST_08752,enterprise,phone_transcript,api_integration,performance,high,in_progress,gold,Overall performance has degraded in the last few days.,We understand performance issues can be frustrating. We are prioritizing this and will update you as soon as possible.,,,0,neutral,3,0,desktop_app,LATAM
TCKT_000839,2022-12-17T05:57:55,CUST_02329,enterprise,in_app,login_auth,billing_problem,medium,in_progress,standard,My invoice amount is incorrect compared to the plan I selected.,Thanks for reaching out about the billing issue. Our team is reviewing this and will follow up within 24 hours.,,,1,negative,2,0,api_client,APAC
TCKT_000840,2024-05-29T00:04:34,CUST_09597,enterprise,web_form,analytics_dashboard,security_concern,low,resolved,gold,I noticed a suspicious login on my account.,We take security very seriously. We will look into this and get back to you within the next 48 hours.,"Investigated logs, mitigated the issue, and updated security settings.",54.54,0,very_negative,1,1,web,APAC
TCKT_000841,2024-08-20T09:01:20,CUST_05264,non_profit,email,api_integration,feature_request,high,resolved,gold,Can you add an option to customize api integration?,Thanks for your feature suggestion. We are prioritizing this and will update you as soon as possible.,Captured the request and added it to the product backlog.,8.32,0,neutral,4,0,web,APAC
TCKT_000842,2024-11-05T10:01:06,CUST_04081,small_business,chat,notifications,performance,medium,resolved,standard,The notifications page is very slow and takes a long time to load.,We understand performance issues can be frustrating. Our team is reviewing this and will follow up within 24 hours.,Optimized queries and increased resource allocation.,19.95,0,negative,2,0,ios,MEA
TCKT_000843,2023-06-15T14:34:07,CUST_06674,non_profit,in_app,api_integration,feature_request,low,resolved,gold,It would be great to have api integration support in your product.,Thanks for your feature suggestion. We will look into this and get back to you within the next 48 hours.,Captured the request and added it to the product backlog.,36.9,0,very_positive,5,0,web,LATAM
TCKT_000844,2022-03-06T22:45:44,CUST_06740,enterprise,chat,login_auth,account_access,medium,in_progress,gold,My 2FA code is not working when I try to sign in.,Sorry to hear you're having trouble accessing your account. Our team is reviewing this and will follow up within 24 hours.,,,0,very_negative,1,0,api_client,EU
TCKT_000845,2022-04-27T00:14:53,CUST_01742,small_business,phone_transcript,notifications,account_access,medium,in_progress,gold,I cannot log in; the system says my password is incorrect.,Sorry to hear you're having trouble accessing your account. Our team is reviewing this and will follow up within 24 hours.,,,0,very_negative,1,0,api_client,LATAM
TCKT_000846,2025-06-09T18:21:03,CUST_07826,non_profit,chat,data_export,how_to,low,open,standard,Can you explain how to configure data export properly?,Happy to help with your question. We will look into this and get back to you within the next 48 hours.,,,0,positive,5,1,ios,LATAM
TCKT_000847,2023-02-27T02:50:17,CUST_01392,small_business,web_form,notifications,how_to,medium,resolved,gold,Can you explain how to configure notifications properly?,Happy to help with your question. Our team is reviewing this and will follow up within 24 hours.,Provided step-by-step instructions and relevant documentation.,22.01,0,neutral,0,0,ios,NA
TCKT_000848,2022-08-07T11:06:07,CUST_06508,non_profit,web_form,billing,bug,low,on_hold,standard,I am seeing an error message when I click on billing.,Thanks for reporting this bug. We will look into this and get back to you within the next 48 hours.,,,0,very_negative,1,0,ios,LATAM
TCKT_000849,2024-04-30T13:07:28,CUST_05230,education,email,notifications,billing_problem,low,resolved,standard,I downgraded my plan but I am still being billed for the higher tier.,Thanks for reaching out about the billing issue. We will look into this and get back to you within the next 48 hours.,Adjusted the invoice and issued a refund where applicable.,32.87,0,negative,3,0,api_client,NA
TCKT_000850,2023-06-27T08:53:50,CUST_07373,education,email,mobile_app,bug,high,in_progress,standard,I am seeing an error message when I click on mobile app.,Thanks for reporting this bug. We are prioritizing this and will update you as soon as possible.,,,0,neutral,4,0,api_client,MEA
TCKT_000851,2023-09-24T10:06:26,CUST_08052,small_business,phone_transcript,api_integration,billing_problem,medium,resolved,gold,I was charged twice for my subscription this month.,Thanks for reaching out about the billing issue. Our team is reviewing this and will follow up within 24 hours.,Adjusted the invoice and issued a refund where applicable.,47.24,0,negative,2,1,web,LATAM
TCKT_000852,2024-08-08T10:45:10,CUST_03031,education,in_app,api_integration,how_to,high,open,platinum,How can I export my data from the api integration section?,Happy to help with your question. We are prioritizing this and will update you as soon as possible.,,,0,negative,2,0,desktop_app,APAC
TCKT_000853,2023-10-05T22:27:03,CUST_03110,education,chat,login_auth,performance,medium,resolved,gold,The login auth page is very slow and takes a long time to load.,We understand performance issues can be frustrating. Our team is reviewing this and will follow up within 24 hours.,Optimized queries and increased resource allocation.,30.8,0,neutral,3,0,desktop_app,MEA
TCKT_000854,2025-02-09T05:38:40,CUST_06540,individual,in_app,analytics_dashboard,account_access,urgent,open,standard,I cannot log in; the system says my password is incorrect.,Sorry to hear you're having trouble accessing your account. This has been escalated to our on-call team for immediate attention.,,,0,negative,3,0,desktop_app,MEA
TCKT_000855,2023-09-18T12:49:36,CUST_08660,education,chat,notifications,feature_request,high,resolved,standard,Can you add an option to customize notifications?,Thanks for your feature suggestion. We are prioritizing this and will update you as soon as possible.,Captured the request and added it to the product backlog.,8.76,0,neutral,0,0,api_client,EU
TCKT_000856,2024-02-14T22:23:01,CUST_08656,education,web_form,data_export,billing_problem,low,resolved,gold,I downgraded my plan but I am still being billed for the higher tier.,Thanks for reaching out about the billing issue. We will look into this and get back to you within the next 48 hours.,Adjusted the invoice and issued a refund where applicable.,21.41,0,very_negative,1,0,api_client,MEA
TCKT_000857,2025-06-29T16:49:58,CUST_01427,small_business,chat,billing,account_access,low,closed_no_action,standard,My 2FA code is not working when I try to sign in.,Sorry to hear you're having trouble accessing your account. We will look into this and get back to you within the next 48 hours.,Ticket closed without further action after no response from the customer.,154.25,0,very_negative,1,0,ios,MEA
TCKT_000858,2025-06-12T04:45:17,CUST_08954,individual,email,data_export,security_concern,high,resolved,standard,We need details about your data encryption and compliance.,We take security very seriously. We are prioritizing this and will update you as soon as possible.,"Investigated logs, mitigated the issue, and updated security settings.",23.58,1,positive,0,0,ios,APAC
TCKT_000859,2023-06-01T00:34:36,CUST_06554,small_business,phone_transcript,mobile_app,bug,high,in_progress,standard,I am seeing an error message when I click on mobile app.,Thanks for reporting this bug. We are prioritizing this and will update you as soon as possible.,,,1,negative,0,0,android,APAC
TCKT_000860,2023-02-15T22:24:48,CUST_01913,non_profit,web_form,api_integration,feature_request,medium,open,standard,Can you add an option to customize api integration?,Thanks for your feature suggestion. Our team is reviewing this and will follow up within 24 hours.,,,0,positive,4,1,web,EU
TCKT_000861,2022-02-28T05:53:23,CUST_01418,small_business,phone_transcript,login_auth,how_to,low,resolved,standard,How can I export my data from the login auth section?,Happy to help with your question. We will look into this and get back to you within the next 48 hours.,Provided step-by-step instructions and relevant documentation.,50.22,0,negative,2,0,web,EU
TCKT_000862,2025-02-20T00:36:56,CUST_06338,non_profit,chat,notifications,account_access,low,in_progress,standard,I cannot log in; the system says my password is incorrect.,Sorry to hear you're having trouble accessing your account. We will look into this and get back to you within the next 48 hours.,,,0,positive,0,0,ios,NA
TCKT_000863,2022-04-10T15:06:04,CUST_08465,enterprise,web_form,analytics_dashboard,bug,high,resolved,standard,I am seeing an error message when I click on analytics dashboard.,Thanks for reporting this bug. We are prioritizing this and will update you as soon as possible.,Patched the bug and deployed a fix to production.,18.4,0,negative,2,0,android,MEA
TCKT_000864,2023-08-05T06:11:24,CUST_02723,small_business,chat,api_integration,account_access,medium,resolved,standard,My account was locked after multiple failed login attempts.,Sorry to hear you're having trouble accessing your account. Our team is reviewing this and will follow up within 24 hours.,Reset account credentials and confirmed successful login.,39.34,0,negative,3,0,desktop_app,MEA
TCKT_000865,2024-09-26T06:41:23,CUST_06173,small_business,email,analytics_dashboard,bug,medium,resolved,standard,I am seeing an error message when I click on analytics dashboard.,Thanks for reporting this bug. Our team is reviewing this and will follow up within 24 hours.,Patched the bug and deployed a fix to production.,4.47,0,positive,4,0,android,NA
TCKT_000866,2025-08-29T06:57:45,CUST_08665,enterprise,chat,notifications,account_access,high,open,standard,I cannot log in; the system says my password is incorrect.,Sorry to hear you're having trouble accessing your account. We are prioritizing this and will update you as soon as possible.,,,0,positive,5,0,desktop_app,NA
TCKT_000867,2022-08-20T13:07:05,CUST_03186,individual,web_form,data_export,account_access,high,in_progress,gold,My account was locked after multiple failed login attempts.,Sorry to hear you're having trouble accessing your account. We are prioritizing this and will update you as soon as possible.,,,0,neutral,0,0,ios,NA
TCKT_000868,2022-03-18T15:04:21,CUST_00761,individual,phone_transcript,notifications,security_concern,low,resolved,platinum,I noticed a suspicious login on my account.,We take security very seriously. We will look into this and get back to you within the next 48 hours.,"Investigated logs, mitigated the issue, and updated security settings.",49.76,0,neutral,4,0,desktop_app,MEA
TCKT_000869,2024-10-19T23:23:07,CUST_01831,individual,phone_transcript,analytics_dashboard,how_to,medium,in_progress,platinum,How can I export my data from the analytics dashboard section?,Happy to help with your question. Our team is reviewing this and will follow up within 24 hours.,,,1,negative,2,1,android,MEA
TCKT_000870,2023-01-22T14:09:19,CUST_00145,education,in_app,data_export,bug,low,in_progress,standard,The page keeps crashing whenever I try to open the data export section.,Thanks for reporting this bug. We will look into this and get back to you within the next 48 hours.,,,0,positive,0,0,android,MEA
TCKT_000871,2025-04-03T13:25:13,CUST_03938,enterprise,phone_transcript,analytics_dashboard,security_concern,medium,resolved,platinum,There seems to be a vulnerability in the analytics dashboard functionality.,We take security very seriously. Our team is reviewing this and will follow up within 24 hours.,"Investigated logs, mitigated the issue, and updated security settings.",45.86,0,negative,3,0,android,NA
TCKT_000872,2022-08-11T13:44:15,CUST_05939,enterprise,phone_transcript,mobile_app,account_access,urgent,resolved,standard,I cannot log in; the system says my password is incorrect.,Sorry to hear you're having trouble accessing your account. This has been escalated to our on-call team for immediate attention.,Reset account credentials and confirmed successful login.,7.09,0,positive,5,1,api_client,APAC
TCKT_000873,2023-01-18T02:00:55,CUST_00771,individual,phone_transcript,analytics_dashboard,bug,low,in_progress,standard,The analytics dashboard feature is not saving my changes.,Thanks for reporting this bug. We will look into this and get back to you within the next 48 hours.,,,0,neutral,4,0,ios,EU
TCKT_000874,2024-04-19T22:47:06,CUST_04932,small_business,phone_transcript,analytics_dashboard,feature_request,high,closed_no_action,standard,It would be great to have analytics dashboard support in your product.,Thanks for your feature suggestion. We are prioritizing this and will update you as soon as possible.,Ticket closed without further action after no response from the customer.,66.65,0,positive,5,0,desktop_app,MEA
TCKT_000875,2022-12-20T13:40:32,CUST_05742,non_profit,chat,analytics_dashboard,billing_problem,medium,in_progress,gold,I downgraded my plan but I am still being billed for the higher tier.,Thanks for reaching out about the billing issue. Our team is reviewing this and will follow up within 24 hours.,,,0,very_negative,0,0,android,LATAM
TCKT_000876,2022-07-14T03:01:08,CUST_04693,enterprise,in_app,mobile_app,other,low,resolved,standard,I need help but I'm not sure which category this fits in.,Thanks for contacting support. We will look into this and get back to you within the next 48 hours.,Provided general guidance and confirmed the issue was resolved.,8.02,1,negative,2,0,android,EU
TCKT_000877,2022-08-19T02:15:39,CUST_06402,small_business,in_app,api_integration,billing_problem,medium,resolved,gold,I was charged twice for my subscription this month.,Thanks for reaching out about the billing issue. Our team is reviewing this and will follow up within 24 hours.,Adjusted the invoice and issued a refund where applicable.,9.88,0,negative,2,0,ios,MEA
TCKT_000878,2025-08-11T08:44:25,CUST_01661,small_business,web_form,notifications,feature_request,medium,resolved,standard,Our team needs more advanced options for notifications.,Thanks for your feature suggestion. Our team is reviewing this and will follow up within 24 hours.,Captured the request and added it to the product backlog.,45.84,0,very_negative,2,0,api_client,EU
TCKT_000879,2025-02-10T00:03:06,CUST_06066,enterprise,email,api_integration,how_to,high,in_progress,platinum,How can I export my data from the api integration section?,Happy to help with your question. We are prioritizing this and will update you as soon as possible.,,,0,positive,0,0,ios,EU
TCKT_000880,2025-09-18T19:48:58,CUST_01390,individual,phone_transcript,analytics_dashboard,security_concern,high,closed_no_action,standard,We need details about your data encryption and compliance.,We take security very seriously. We are prioritizing this and will update you as soon as possible.,Ticket closed without further action after no response from the customer.,114.86,1,negative,2,0,desktop_app,APAC
TCKT_000881,2023-12-18T19:00:13,CUST_00443,small_business,chat,billing,feature_request,medium,resolved,standard,It would be great to have billing support in your product.,Thanks for your feature suggestion. Our team is reviewing this and will follow up within 24 hours.,Captured the request and added it to the product backlog.,14.57,0,positive,4,0,web,MEA
TCKT_000882,2023-03-28T03:11:16,CUST_04568,non_profit,phone_transcript,api_integration,billing_problem,low,open,standard,I downgraded my plan but I am still being billed for the higher tier.,Thanks for reaching out about the billing issue. We will look into this and get back to you within the next 48 hours.,,,0,very_negative,2,0,android,EU
TCKT_000883,2024-05-05T17:02:08,CUST_02940,individual,phone_transcript,billing,other,low,resolved,standard,I have a general question about my account.,Thanks for contacting support. We will look into this and get back to you within the next 48 hours.,Provided general guidance and confirmed the issue was resolved.,29.44,0,negative,3,0,api_client,MEA
TCKT_000884,2022-03-16T13:33:19,CUST_07384,education,phone_transcript,login_auth,security_concern,medium,resolved,standard,We need details about your data encryption and compliance.,We take security very seriously. Our team is reviewing this and will follow up within 24 hours.,"Investigated logs, mitigated the issue, and updated security settings.",44.96,0,very_negative,2,1,desktop_app,EU
TCKT_000885,2025-09-18T10:11:10,CUST_05154,small_business,chat,login_auth,bug,high,resolved,platinum,I am seeing an error message when I click on login auth.,Thanks for reporting this bug. We are prioritizing this and will update you as soon as possible.,Patched the bug and deployed a fix to production.,22.31,0,positive,5,0,web,APAC
TCKT_000886,2022-02-13T03:11:53,CUST_04847,education,chat,data_export,billing_problem,low,resolved,gold,I was charged twice for my subscription this month.,Thanks for reaching out about the billing issue. We will look into this and get back to you within the next 48 hours.,Adjusted the invoice and issued a refund where applicable.,20.33,0,very_negative,1,0,web,EU
TCKT_000887,2022-11-30T02:02:34,CUST_05371,education,in_app,analytics_dashboard,performance,high,resolved,standard,Overall performance has degraded in the last few days.,We understand performance issues can be frustrating. We are prioritizing this and will update you as soon as possible.,Optimized queries and increased resource allocation.,8.21,0,negative,3,0,android,LATAM
TCKT_000888,2024-01-28T11:59:54,CUST_07237,education,email,api_integration,security_concern,low,open,standard,There seems to be a vulnerability in the api integration functionality.,We take security very seriously. We will look into this and get back to you within the next 48 hours.,,,0,negative,3,0,ios,LATAM
TCKT_000889,2023-10-17T06:57:08,CUST_04995,non_profit,in_app,api_integration,bug,low,resolved,platinum,The api integration feature is not saving my changes.,Thanks for reporting this bug. We will look into this and get back to you within the next 48 hours.,Patched the bug and deployed a fix to production.,59.06,1,very_positive,5,0,web,LATAM
TCKT_000890,2022-11-24T13:26:56,CUST_09863,education,email,login_auth,security_concern,medium,resolved,standard,There seems to be a vulnerability in the login auth functionality.,We take security very seriously. Our team is reviewing this and will follow up within 24 hours.,"Investigated logs, mitigated the issue, and updated security settings.",12.07,0,neutral,0,1,web,MEA
TCKT_000891,2022-02-13T04:33:42,CUST_02508,education,in_app,notifications,bug,low,resolved,gold,The page keeps crashing whenever I try to open the notifications section.,Thanks for reporting this bug. We will look into this and get back to you within the next 48 hours.,Patched the bug and deployed a fix to production.,29.92,0,negative,0,0,ios,LATAM
TCKT_000892,2025-03-11T18:08:47,CUST_08522,education,phone_transcript,notifications,account_access,medium,resolved,standard,My 2FA code is not working when I try to sign in.,Sorry to hear you're having trouble accessing your account. Our team is reviewing this and will follow up within 24 hours.,Reset account credentials and confirmed successful login.,5.16,0,negative,3,0,android,LATAM
TCKT_000893,2024-02-15T09:20:50,CUST_03709,enterprise,in_app,billing,feature_request,medium,open,standard,Can you add an option to customize billing?,Thanks for your feature suggestion. Our team is reviewing this and will follow up within 24 hours.,,,0,neutral,4,1,desktop_app,NA
TCKT_000894,2024-11-03T15:41:24,CUST_01788,non_profit,email,login_auth,feature_request,high,resolved,gold,Can you add an option to customize login auth?,Thanks for your feature suggestion. We are prioritizing this and will update you as soon as possible.,Captured the request and added it to the product backlog.,1.65,0,positive,4,1,desktop_app,APAC
TCKT_000895,2023-03-28T09:03:07,CUST_00662,education,email,login_auth,other,low,on_hold,standard,I need help but I'm not sure which category this fits in.,Thanks for contacting support. We will look into this and get back to you within the next 48 hours.,,,0,neutral,4,0,android,LATAM
TCKT_000896,2023-02-16T19:57:54,CUST_02170,individual,phone_transcript,mobile_app,feature_request,high,on_hold,standard,Our team needs more advanced options for mobile app.,Thanks for your feature suggestion. We are prioritizing this and will update you as soon as possible.,,,0,negative,0,1,web,NA
TCKT_000897,2025-11-22T10:21:11,CUST_00072,individual,web_form,data_export,performance,medium,resolved,standard,The data export page is very slow and takes a long time to load.,We understand performance issues can be frustrating. Our team is reviewing this and will follow up within 24 hours.,Optimized queries and increased resource allocation.,33.59,0,neutral,4,0,api_client,LATAM
TCKT_000898,2025-07-01T07:24:53,CUST_07566,non_profit,in_app,login_auth,security_concern,low,resolved,standard,There seems to be a vulnerability in the login auth functionality.,We take security very seriously. We will look into this and get back to you within the next 48 hours.,"Investigated logs, mitigated the issue, and updated security settings.",26.21,0,very_negative,1,0,desktop_app,NA
TCKT_000899,2025-03-01T05:20:43,CUST_02512,small_business,phone_transcript,api_integration,feature_request,medium,closed_no_action,gold,It would be great to have api integration support in your product.,Thanks for your feature suggestion. Our team is reviewing this and will follow up within 24 hours.,Ticket closed without further action after no response from the customer.,199.21,0,very_negative,2,0,android,EU
TCKT_000900,2024-12-11T15:55:31,CUST_00256,individual,web_form,mobile_app,account_access,high,resolved,standard,My account was locked after multiple failed login attempts.,Sorry to hear you're having trouble accessing your account. We are prioritizing this and will update you as soon as possible.,Reset account credentials and confirmed successful login.,21.52,0,negative,2,1,desktop_app,APAC
TCKT_000901,2023-12-30T01:41:07,CUST_00592,small_business,email,login_auth,billing_problem,medium,resolved,gold,I was charged twice for my subscription this month.,Thanks for reaching out about the billing issue. Our team is reviewing this and will follow up within 24 hours.,Adjusted the invoice and issued a refund where applicable.,23.68,0,neutral,4,0,api_client,APAC
TCKT_000902,2022-03-28T16:42:06,CUST_02846,individual,web_form,analytics_dashboard,other,medium,resolved,standard,I need help but I'm not sure which category this fits in.,Thanks for contacting support. Our team is reviewing this and will follow up within 24 hours.,Provided general guidance and confirmed the issue was resolved.,16.93,0,negative,2,0,web,MEA
TCKT_000903,2023-12-19T04:35:56,CUST_05592,education,chat,login_auth,other,medium,resolved,standard,"Something seems off, can you please check my workspace?",Thanks for contacting support. Our team is reviewing this and will follow up within 24 hours.,Provided general guidance and confirmed the issue was resolved.,25.63,0,very_positive,5,1,desktop_app,LATAM
TCKT_000904,2023-09-02T16:42:46,CUST_02925,individual,in_app,api_integration,bug,low,closed_no_action,gold,The page keeps crashing whenever I try to open the api integration section.,Thanks for reporting this bug. We will look into this and get back to you within the next 48 hours.,Ticket closed without further action after no response from the customer.,194.24,0,positive,4,0,api_client,APAC
TCKT_000905,2025-03-01T10:17:40,CUST_05557,non_profit,in_app,notifications,billing_problem,low,resolved,gold,I was charged twice for my subscription this month.,Thanks for reaching out about the billing issue. We will look into this and get back to you within the next 48 hours.,Adjusted the invoice and issued a refund where applicable.,30.81,0,neutral,3,0,android,EU
TCKT_000906,2022-09-04T13:27:01,CUST_05316,individual,phone_transcript,billing,feature_request,urgent,on_hold,standard,It would be great to have billing support in your product.,Thanks for your feature suggestion. This has been escalated to our on-call team for immediate attention.,,,0,negative,0,0,api_client,MEA
TCKT_000907,2023-06-17T03:19:43,CUST_02985,enterprise,phone_transcript,billing,bug,low,resolved,standard,The page keeps crashing whenever I try to open the billing section.,Thanks for reporting this bug. We will look into this and get back to you within the next 48 hours.,Patched the bug and deployed a fix to production.,22.6,0,very_negative,0,1,desktop_app,EU
TCKT_000908,2024-04-30T11:09:56,CUST_00589,small_business,phone_transcript,api_integration,feature_request,low,in_progress,standard,Can you add an option to customize api integration?,Thanks for your feature suggestion. We will look into this and get back to you within the next 48 hours.,,,0,neutral,0,0,api_client,APAC
TCKT_000909,2025-10-23T18:13:33,CUST_09444,individual,email,notifications,account_access,low,resolved,standard,My 2FA code is not working when I try to sign in.,Sorry to hear you're having trouble accessing your account. We will look into this and get back to you within the next 48 hours.,Reset account credentials and confirmed successful login.,25.28,0,very_negative,1,0,ios,LATAM
TCKT_000910,2023-07-18T03:17:52,CUST_05038,individual,web_form,notifications,how_to,urgent,on_hold,standard,I need help setting up notifications for my team.,Happy to help with your question. This has been escalated to our on-call team for immediate attention.,,,0,neutral,3,0,desktop_app,EU
TCKT_000911,2023-01-08T01:41:28,CUST_09272,individual,phone_transcript,mobile_app,security_concern,medium,in_progress,gold,There seems to be a vulnerability in the mobile app functionality.,We take security very seriously. Our team is reviewing this and will follow up within 24 hours.,,,0,very_negative,1,0,android,EU
TCKT_000912,2025-01-13T03:07:34,CUST_03854,non_profit,email,billing,how_to,urgent,in_progress,standard,I need help setting up billing for my team.,Happy to help with your question. This has been escalated to our on-call team for immediate attention.,,,1,neutral,0,1,api_client,APAC
TCKT_000913,2022-02-04T03:29:21,CUST_06928,education,in_app,notifications,performance,medium,in_progress,gold,Overall performance has degraded in the last few days.,We understand performance issues can be frustrating. Our team is reviewing this and will follow up within 24 hours.,,,0,neutral,0,0,api_client,MEA
TCKT_000914,2024-07-19T15:13:50,CUST_00541,non_profit,phone_transcript,login_auth,other,low,in_progress,platinum,I need help but I'm not sure which category this fits in.,Thanks for contacting support. We will look into this and get back to you within the next 48 hours.,,,0,very_positive,5,1,desktop_app,LATAM
TCKT_000915,2023-11-21T18:31:00,CUST_08681,small_business,in_app,login_auth,account_access,low,in_progress,gold,I cannot log in; the system says my password is incorrect.,Sorry to hear you're having trouble accessing your account. We will look into this and get back to you within the next 48 hours.,,,0,very_negative,1,0,web,NA
TCKT_000916,2024-10-20T09:23:45,CUST_06488,individual,web_form,data_export,how_to,medium,in_progress,standard,Can you explain how to configure data export properly?,Happy to help with your question. Our team is reviewing this and will follow up within 24 hours.,,,0,neutral,4,0,android,MEA
TCKT_000917,2022-06-16T16:53:14,CUST_08379,education,web_form,billing,performance,high,in_progress,standard,Overall performance has degraded in the last few days.,We understand performance issues can be frustrating. We are prioritizing this and will update you as soon as possible.,,,0,very_positive,5,0,api_client,EU
TCKT_000918,2023-10-31T06:03:50,CUST_01194,individual,chat,data_export,account_access,low,in_progress,standard,My 2FA code is not working when I try to sign in.,Sorry to hear you're having trouble accessing your account. We will look into this and get back to you within the next 48 hours.,,,0,negative,0,1,web,APAC
TCKT_000919,2024-10-10T07:05:47,CUST_00574,enterprise,in_app,api_integration,performance,high,resolved,standard,The api integration page is very slow and takes a long time to load.,We understand performance issues can be frustrating. We are prioritizing this and will update you as soon as possible.,Optimized queries and increased resource allocation.,12.21,0,neutral,3,0,web,APAC
TCKT_000920,2022-06-14T07:31:50,CUST_08847,enterprise,web_form,data_export,bug,low,resolved,gold,The page keeps crashing whenever I try to open the data export section.,Thanks for reporting this bug. We will look into this and get back to you within the next 48 hours.,Patched the bug and deployed a fix to production.,42.65,0,neutral,0,0,android,APAC
TCKT_000921,2022-06-04T20:34:19,CUST_09108,enterprise,web_form,analytics_dashboard,bug,medium,resolved,gold,The analytics dashboard feature is not saving my changes.,Thanks for reporting this bug. Our team is reviewing this and will follow up within 24 hours.,Patched the bug and deployed a fix to production.,21.51,0,neutral,4,1,android,LATAM
TCKT_000922,2022-01-31T09:14:23,CUST_03933,small_business,web_form,notifications,performance,low,resolved,standard,Overall performance has degraded in the last few days.,We understand performance issues can be frustrating. We will look into this and get back to you within the next 48 hours.,Optimized queries and increased resource allocation.,33.96,0,neutral,0,0,desktop_app,NA
TCKT_000923,2024-02-21T02:03:08,CUST_08501,non_profit,phone_transcript,api_integration,performance,medium,closed_no_action,gold,Queries in the api integration module are timing out.,We understand performance issues can be frustrating. Our team is reviewing this and will follow up within 24 hours.,Ticket closed without further action after no response from the customer.,195.08,0,negative,0,0,api_client,NA
TCKT_000924,2023-12-26T22:23:58,CUST_06876,small_business,in_app,data_export,performance,low,on_hold,standard,Overall performance has degraded in the last few days.,We understand performance issues can be frustrating. We will look into this and get back to you within the next 48 hours.,,,0,negative,2,0,web,EU
TCKT_000925,2022-06-03T00:20:59,CUST_02501,enterprise,email,mobile_app,security_concern,low,in_progress,standard,There seems to be a vulnerability in the mobile app functionality.,We take security very seriously. We will look into this and get back to you within the next 48 hours.,,,1,negative,0,0,api_client,EU
TCKT_000926,2023-10-04T00:15:50,CUST_08599,non_profit,in_app,analytics_dashboard,feature_request,high,resolved,standard,Our team needs more advanced options for analytics dashboard.,Thanks for your feature suggestion. We are prioritizing this and will update you as soon as possible.,Captured the request and added it to the product backlog.,8.12,0,negative,3,0,web,APAC
TCKT_000927,2023-07-31T05:02:50,CUST_00331,enterprise,email,mobile_app,security_concern,medium,on_hold,standard,I noticed a suspicious login on my account.,We take security very seriously. Our team is reviewing this and will follow up within 24 hours.,,,0,neutral,3,0,desktop_app,EU
TCKT_000928,2022-08-07T13:48:55,CUST_05612,enterprise,web_form,notifications,account_access,medium,resolved,standard,I cannot log in; the system says my password is incorrect.,Sorry to hear you're having trouble accessing your account. Our team is reviewing this and will follow up within 24 hours.,Reset account credentials and confirmed successful login.,25.47,0,very_negative,1,0,api_client,APAC
TCKT_000929,2023-09-06T12:38:17,CUST_08126,small_business,email,mobile_app,bug,low,closed_no_action,gold,The page keeps crashing whenever I try to open the mobile app section.,Thanks for reporting this bug. We will look into this and get back to you within the next 48 hours.,Ticket closed without further action after no response from the customer.,134.48,0,neutral,0,0,web,LATAM
TCKT_000930,2024-05-10T20:33:06,CUST_02612,non_profit,email,notifications,other,high,resolved,standard,I need help but I'm not sure which category this fits in.,Thanks for contacting support. We are prioritizing this and will update you as soon as possible.,Provided general guidance and confirmed the issue was resolved.,6.97,0,neutral,4,1,android,EU
TCKT_000931,2022-05-30T02:37:51,CUST_05357,enterprise,web_form,data_export,account_access,low,resolved,gold,My 2FA code is not working when I try to sign in.,Sorry to hear you're having trouble accessing your account. We will look into this and get back to you within the next 48 hours.,Reset account credentials and confirmed successful login.,37.25,0,neutral,3,0,android,NA
TCKT_000932,2024-02-04T07:51:31,CUST_05133,non_profit,chat,login_auth,bug,medium,resolved,standard,I am seeing an error message when I click on login auth.,Thanks for reporting this bug. Our team is reviewing this and will follow up within 24 hours.,Patched the bug and deployed a fix to production.,44.8,0,neutral,3,0,desktop_app,MEA
TCKT_000933,2023-03-25T19:13:47,CUST_01817,individual,email,mobile_app,bug,medium,resolved,standard,The mobile app feature is not saving my changes.,Thanks for reporting this bug. Our team is reviewing this and will follow up within 24 hours.,Patched the bug and deployed a fix to production.,10.85,1,positive,5,0,api_client,NA
TCKT_000934,2025-05-21T07:36:18,CUST_04360,enterprise,web_form,billing,how_to,urgent,open,standard,Can you explain how to configure billing properly?,Happy to help with your question. This has been escalated to our on-call team for immediate attention.,,,0,positive,0,1,ios,NA
TCKT_000935,2023-09-11T09:13:18,CUST_01335,non_profit,phone_transcript,data_export,billing_problem,low,open,standard,My invoice amount is incorrect compared to the plan I selected.,Thanks for reaching out about the billing issue. We will look into this and get back to you within the next 48 hours.,,,0,very_negative,2,0,android,EU
TCKT_000936,2025-08-30T13:21:16,CUST_05675,enterprise,phone_transcript,api_integration,performance,low,resolved,standard,Overall performance has degraded in the last few days.,We understand performance issues can be frustrating. We will look into this and get back to you within the next 48 hours.,Optimized queries and increased resource allocation.,45.47,0,negative,0,1,web,APAC
TCKT_000937,2024-12-18T03:51:07,CUST_05802,small_business,chat,mobile_app,how_to,medium,in_progress,standard,How can I export my data from the mobile app section?,Happy to help with your question. Our team is reviewing this and will follow up within 24 hours.,,,0,neutral,3,0,api_client,MEA
TCKT_000938,2023-04-14T17:35:07,CUST_00977,non_profit,email,login_auth,performance,high,resolved,standard,Queries in the login auth module are timing out.,We understand performance issues can be frustrating. We are prioritizing this and will update you as soon as possible.,Optimized queries and increased resource allocation.,6.46,0,negative,2,0,ios,APAC
TCKT_000939,2025-09-11T00:50:50,CUST_05544,small_business,phone_transcript,api_integration,billing_problem,medium,resolved,gold,I was charged twice for my subscription this month.,Thanks for reaching out about the billing issue. Our team is reviewing this and will follow up within 24 hours.,Adjusted the invoice and issued a refund where applicable.,40.65,0,neutral,3,0,web,APAC
TCKT_000940,2023-02-20T01:34:28,CUST_03440,non_profit,phone_transcript,api_integration,other,medium,on_hold,gold,I have a general question about my account.,Thanks for contacting support. Our team is reviewing this and will follow up within 24 hours.,,,0,negative,3,0,android,NA
TCKT_000941,2023-04-16T12:42:24,CUST_03066,education,email,billing,security_concern,low,in_progress,gold,I noticed a suspicious login on my account.,We take security very seriously. We will look into this and get back to you within the next 48 hours.,,,0,negative,3,0,web,LATAM
TCKT_000942,2023-06-06T17:33:53,CUST_04616,education,chat,data_export,other,medium,in_progress,standard,I need help but I'm not sure which category this fits in.,Thanks for contacting support. Our team is reviewing this and will follow up within 24 hours.,,,0,negative,0,1,ios,APAC
TCKT_000943,2025-03-24T18:24:56,CUST_07476,enterprise,chat,data_export,how_to,high,resolved,platinum,I need help setting up data export for my team.,Happy to help with your question. We are prioritizing this and will update you as soon as possible.,Provided step-by-step instructions and relevant documentation.,17.28,0,positive,0,0,api_client,EU
TCKT_000944,2024-05-20T17:51:49,CUST_08824,individual,web_form,billing,other,medium,resolved,gold,"Something seems off, can you please check my workspace?",Thanks for contacting support. Our team is reviewing this and will follow up within 24 hours.,Provided general guidance and confirmed the issue was resolved.,9,0,positive,0,0,desktop_app,LATAM
TCKT_000945,2023-01-14T16:40:52,CUST_01621,small_business,chat,login_auth,account_access,low,in_progress,standard,My 2FA code is not working when I try to sign in.,Sorry to hear you're having trouble accessing your account. We will look into this and get back to you within the next 48 hours.,,,0,negative,3,0,desktop_app,EU
TCKT_000946,2025-08-18T12:01:19,CUST_09050,enterprise,phone_transcript,analytics_dashboard,other,low,in_progress,gold,I have a general question about my account.,Thanks for contacting support. We will look into this and get back to you within the next 48 hours.,,,0,neutral,4,0,web,LATAM
TCKT_000947,2022-07-16T01:00:02,CUST_00815,individual,phone_transcript,analytics_dashboard,other,medium,resolved,gold,I have a general question about my account.,Thanks for contacting support. Our team is reviewing this and will follow up within 24 hours.,Provided general guidance and confirmed the issue was resolved.,7.86,0,neutral,3,0,ios,APAC
TCKT_000948,2023-09-21T03:54:39,CUST_06164,non_profit,in_app,login_auth,how_to,medium,in_progress,standard,I need help setting up login auth for my team.,Happy to help with your question. Our team is reviewing this and will follow up within 24 hours.,,,0,negative,2,0,web,APAC
TCKT_000949,2024-12-25T02:20:22,CUST_00562,non_profit,email,notifications,account_access,medium,resolved,standard,My account was locked after multiple failed login attempts.,Sorry to hear you're having trouble accessing your account. Our team is reviewing this and will follow up within 24 hours.,Reset account credentials and confirmed successful login.,13.63,0,negative,0,0,desktop_app,LATAM
TCKT_000950,2025-05-06T23:31:18,CUST_09806,non_profit,web_form,login_auth,billing_problem,low,resolved,gold,I downgraded my plan but I am still being billed for the higher tier.,Thanks for reaching out about the billing issue. We will look into this and get back to you within the next 48 hours.,Adjusted the invoice and issued a refund where applicable.,45.52,0,negative,2,0,android,LATAM
TCKT_000951,2024-10-03T01:22:13,CUST_01904,education,email,mobile_app,billing_problem,urgent,resolved,standard,I downgraded my plan but I am still being billed for the higher tier.,Thanks for reaching out about the billing issue. This has been escalated to our on-call team for immediate attention.,Adjusted the invoice and issued a refund where applicable.,3.39,0,negative,3,0,api_client,LATAM
TCKT_000952,2022-08-10T05:31:55,CUST_04792,education,in_app,notifications,performance,medium,resolved,platinum,Queries in the notifications module are timing out.,We understand performance issues can be frustrating. Our team is reviewing this and will follow up within 24 hours.,Optimized queries and increased resource allocation.,5.84,0,negative,3,0,android,EU
TCKT_000953,2024-05-29T18:12:28,CUST_00125,individual,in_app,notifications,other,high,open,gold,I have a general question about my account.,Thanks for contacting support. We are prioritizing this and will update you as soon as possible.,,,0,very_positive,5,1,api_client,MEA
TCKT_000954,2023-11-21T04:10:12,CUST_07857,education,phone_transcript,api_integration,how_to,medium,open,gold,I need help setting up api integration for my team.,Happy to help with your question. Our team is reviewing this and will follow up within 24 hours.,,,0,neutral,0,1,android,APAC
TCKT_000955,2023-08-10T06:14:51,CUST_04841,education,email,api_integration,how_to,medium,in_progress,gold,Can you explain how to configure api integration properly?,Happy to help with your question. Our team is reviewing this and will follow up within 24 hours.,,,0,positive,4,0,api_client,LATAM
TCKT_000956,2022-06-01T23:42:58,CUST_09244,enterprise,web_form,data_export,bug,medium,on_hold,platinum,The page keeps crashing whenever I try to open the data export section.,Thanks for reporting this bug. Our team is reviewing this and will follow up within 24 hours.,,,0,negative,2,0,android,EU
TCKT_000957,2025-12-03T22:40:10,CUST_05435,non_profit,email,notifications,feature_request,high,closed_no_action,standard,Our team needs more advanced options for notifications.,Thanks for your feature suggestion. We are prioritizing this and will update you as soon as possible.,Ticket closed without further action after no response from the customer.,200.56,0,very_positive,5,0,android,LATAM
TCKT_000958,2023-09-12T10:55:39,CUST_01978,non_profit,phone_transcript,analytics_dashboard,other,low,open,standard,I have a general question about my account.,Thanks for contacting support. We will look into this and get back to you within the next 48 hours.,,,0,neutral,0,1,android,APAC
TCKT_000959,2022-09-08T14:27:03,CUST_00544,enterprise,in_app,notifications,account_access,low,resolved,standard,My 2FA code is not working when I try to sign in.,Sorry to hear you're having trouble accessing your account. We will look into this and get back to you within the next 48 hours.,Reset account credentials and confirmed successful login.,11.32,0,positive,5,0,ios,NA
TCKT_000960,2024-10-16T15:17:23,CUST_05716,non_profit,email,api_integration,security_concern,low,resolved,gold,I noticed a suspicious login on my account.,We take security very seriously. We will look into this and get back to you within the next 48 hours.,"Investigated logs, mitigated the issue, and updated security settings.",51.99,0,very_negative,0,1,ios,NA
TCKT_000961,2025-10-16T10:04:39,CUST_04862,enterprise,in_app,billing,bug,medium,resolved,gold,The billing feature is not saving my changes.,Thanks for reporting this bug. Our team is reviewing this and will follow up within 24 hours.,Patched the bug and deployed a fix to production.,23.53,0,neutral,3,0,api_client,APAC
TCKT_000962,2022-04-24T02:01:28,CUST_00939,individual,phone_transcript,notifications,bug,medium,resolved,standard,The page keeps crashing whenever I try to open the notifications section.,Thanks for reporting this bug. Our team is reviewing this and will follow up within 24 hours.,Patched the bug and deployed a fix to production.,9.43,0,very_positive,5,1,desktop_app,MEA
TCKT_000963,2023-07-19T07:07:42,CUST_06438,education,phone_transcript,data_export,security_concern,medium,resolved,standard,We need details about your data encryption and compliance.,We take security very seriously. Our team is reviewing this and will follow up within 24 hours.,"Investigated logs, mitigated the issue, and updated security settings.",43.32,0,negative,2,1,desktop_app,LATAM
TCKT_000964,2022-04-04T16:56:13,CUST_03094,non_profit,chat,data_export,feature_request,high,in_progress,standard,Can you add an option to customize data export?,Thanks for your feature suggestion. We are prioritizing this and will update you as soon as possible.,,,0,positive,5,0,android,EU
TCKT_000965,2023-07-31T08:46:20,CUST_02914,non_profit,web_form,notifications,performance,medium,on_hold,standard,Overall performance has degraded in the last few days.,We understand performance issues can be frustrating. Our team is reviewing this and will follow up within 24 hours.,,,0,neutral,4,0,android,APAC
TCKT_000966,2022-08-14T08:51:26,CUST_04831,small_business,chat,billing,how_to,medium,resolved,platinum,Can you explain how to configure billing properly?,Happy to help with your question. Our team is reviewing this and will follow up within 24 hours.,Provided step-by-step instructions and relevant documentation.,38.11,0,positive,5,1,web,EU
TCKT_000967,2025-02-02T04:48:48,CUST_08772,education,web_form,login_auth,how_to,medium,in_progress,standard,How can I export my data from the login auth section?,Happy to help with your question. Our team is reviewing this and will follow up within 24 hours.,,,0,neutral,4,0,desktop_app,LATAM
TCKT_000968,2025-12-01T12:50:15,CUST_05532,non_profit,web_form,api_integration,feature_request,low,resolved,gold,Can you add an option to customize api integration?,Thanks for your feature suggestion. We will look into this and get back to you within the next 48 hours.,Captured the request and added it to the product backlog.,37.16,0,positive,4,0,api_client,LATAM
TCKT_000969,2022-09-30T15:35:13,CUST_07541,non_profit,web_form,analytics_dashboard,performance,medium,in_progress,standard,The analytics dashboard page is very slow and takes a long time to load.,We understand performance issues can be frustrating. Our team is reviewing this and will follow up within 24 hours.,,,0,negative,3,0,android,LATAM
TCKT_000970,2023-04-19T09:27:08,CUST_08977,non_profit,email,api_integration,other,low,resolved,standard,I need help but I'm not sure which category this fits in.,Thanks for contacting support. We will look into this and get back to you within the next 48 hours.,Provided general guidance and confirmed the issue was resolved.,10.64,0,negative,2,0,android,MEA
TCKT_000971,2024-09-16T16:23:12,CUST_00505,enterprise,web_form,api_integration,performance,medium,resolved,standard,The api integration page is very slow and takes a long time to load.,We understand performance issues can be frustrating. Our team is reviewing this and will follow up within 24 hours.,Optimized queries and increased resource allocation.,16.61,0,negative,0,0,web,MEA
TCKT_000972,2023-08-07T22:32:58,CUST_01478,education,phone_transcript,billing,other,low,resolved,standard,I need help but I'm not sure which category this fits in.,Thanks for contacting support. We will look into this and get back to you within the next 48 hours.,Provided general guidance and confirmed the issue was resolved.,50.17,0,negative,2,1,web,EU
TCKT_000973,2025-12-03T20:23:54,CUST_00057,non_profit,phone_transcript,analytics_dashboard,how_to,medium,resolved,standard,Can you explain how to configure analytics dashboard properly?,Happy to help with your question. Our team is reviewing this and will follow up within 24 hours.,Provided step-by-step instructions and relevant documentation.,9.5,0,very_negative,0,0,api_client,NA
TCKT_000974,2024-12-16T15:26:52,CUST_05652,small_business,web_form,data_export,how_to,medium,on_hold,standard,Can you explain how to configure data export properly?,Happy to help with your question. Our team is reviewing this and will follow up within 24 hours.,,,0,positive,4,0,api_client,MEA
TCKT_000975,2022-12-30T21:48:05,CUST_00172,enterprise,in_app,billing,performance,medium,resolved,standard,Queries in the billing module are timing out.,We understand performance issues can be frustrating. Our team is reviewing this and will follow up within 24 hours.,Optimized queries and increased resource allocation.,23.02,0,very_positive,5,1,web,LATAM
TCKT_000976,2025-09-17T08:05:09,CUST_08654,education,in_app,analytics_dashboard,performance,urgent,in_progress,standard,Overall performance has degraded in the last few days.,We understand performance issues can be frustrating. This has been escalated to our on-call team for immediate attention.,,,0,positive,5,0,ios,APAC
TCKT_000977,2023-03-20T05:23:00,CUST_00704,enterprise,chat,billing,account_access,medium,resolved,standard,My account was locked after multiple failed login attempts.,Sorry to hear you're having trouble accessing your account. Our team is reviewing this and will follow up within 24 hours.,Reset account credentials and confirmed successful login.,40.29,0,negative,2,0,api_client,APAC
TCKT_000978,2022-03-25T12:02:34,CUST_02461,individual,web_form,api_integration,feature_request,medium,resolved,standard,Our team needs more advanced options for api integration.,Thanks for your feature suggestion. Our team is reviewing this and will follow up within 24 hours.,Captured the request and added it to the product backlog.,36.59,0,positive,4,0,web,APAC
TCKT_000979,2025-09-09T20:32:37,CUST_02656,non_profit,email,mobile_app,other,high,resolved,standard,I have a general question about my account.,Thanks for contacting support. We are prioritizing this and will update you as soon as possible.,Provided general guidance and confirmed the issue was resolved.,17.87,0,neutral,4,0,android,MEA
TCKT_000980,2025-08-21T09:50:55,CUST_05397,individual,phone_transcript,mobile_app,feature_request,medium,resolved,standard,Our team needs more advanced options for mobile app.,Thanks for your feature suggestion. Our team is reviewing this and will follow up within 24 hours.,Captured the request and added it to the product backlog.,42.37,0,neutral,0,0,ios,APAC
TCKT_000981,2023-11-23T05:58:15,CUST_00582,enterprise,email,data_export,how_to,high,on_hold,gold,Can you explain how to configure data export properly?,Happy to help with your question. We are prioritizing this and will update you as soon as possible.,,,0,negative,0,0,android,MEA
TCKT_000982,2022-07-13T19:57:56,CUST_01657,small_business,web_form,mobile_app,feature_request,medium,closed_no_action,standard,Can you add an option to customize mobile app?,Thanks for your feature suggestion. Our team is reviewing this and will follow up within 24 hours.,Ticket closed without further action after no response from the customer.,140.65,0,neutral,4,0,android,LATAM
TCKT_000983,2024-07-28T05:20:58,CUST_05768,small_business,in_app,notifications,bug,medium,in_progress,standard,I am seeing an error message when I click on notifications.,Thanks for reporting this bug. Our team is reviewing this and will follow up within 24 hours.,,,0,neutral,4,0,web,EU
TCKT_000984,2023-04-20T00:57:45,CUST_05488,non_profit,chat,notifications,other,medium,resolved,platinum,"Something seems off, can you please check my workspace?",Thanks for contacting support. Our team is reviewing this and will follow up within 24 hours.,Provided general guidance and confirmed the issue was resolved.,14.76,0,positive,5,0,desktop_app,EU
TCKT_000985,2023-12-30T21:48:26,CUST_05274,education,chat,login_auth,performance,medium,resolved,standard,The login auth page is very slow and takes a long time to load.,We understand performance issues can be frustrating. Our team is reviewing this and will follow up within 24 hours.,Optimized queries and increased resource allocation.,45.31,0,negative,3,0,ios,NA
TCKT_000986,2022-08-27T11:16:18,CUST_08168,individual,chat,analytics_dashboard,security_concern,low,resolved,standard,We need details about your data encryption and compliance.,We take security very seriously. We will look into this and get back to you within the next 48 hours.,"Investigated logs, mitigated the issue, and updated security settings.",42.83,0,negative,3,0,ios,LATAM
TCKT_000987,2025-12-19T23:02:03,CUST_09853,non_profit,chat,analytics_dashboard,security_concern,high,resolved,gold,We need details about your data encryption and compliance.,We take security very seriously. We are prioritizing this and will update you as soon as possible.,"Investigated logs, mitigated the issue, and updated security settings.",10.24,0,positive,4,1,ios,EU
TCKT_000988,2025-10-13T22:27:46,CUST_00093,non_profit,web_form,billing,account_access,low,resolved,standard,My 2FA code is not working when I try to sign in.,Sorry to hear you're having trouble accessing your account. We will look into this and get back to you within the next 48 hours.,Reset account credentials and confirmed successful login.,16.45,1,negative,3,1,desktop_app,APAC
TCKT_000989,2025-04-03T19:32:52,CUST_08195,non_profit,email,billing,performance,medium,resolved,platinum,Overall performance has degraded in the last few days.,We understand performance issues can be frustrating. Our team is reviewing this and will follow up within 24 hours.,Optimized queries and increased resource allocation.,4.38,0,very_negative,0,1,api_client,APAC
TCKT_000990,2024-02-20T03:32:07,CUST_09250,enterprise,phone_transcript,mobile_app,how_to,medium,closed_no_action,standard,I need help setting up mobile app for my team.,Happy to help with your question. Our team is reviewing this and will follow up within 24 hours.,Ticket closed without further action after no response from the customer.,91.14,0,very_positive,5,0,api_client,LATAM
TCKT_000991,2025-11-19T15:47:39,CUST_01401,education,chat,data_export,billing_problem,high,open,gold,I downgraded my plan but I am still being billed for the higher tier.,Thanks for reaching out about the billing issue. We are prioritizing this and will update you as soon as possible.,,,0,very_positive,5,0,ios,EU
TCKT_000992,2022-09-28T06:44:22,CUST_03470,enterprise,in_app,billing,bug,high,resolved,standard,The page keeps crashing whenever I try to open the billing section.,Thanks for reporting this bug. We are prioritizing this and will update you as soon as possible.,Patched the bug and deployed a fix to production.,4.73,0,positive,4,0,web,LATAM
TCKT_000993,2022-08-12T06:30:00,CUST_06049,individual,in_app,billing,other,low,resolved,standard,"Something seems off, can you please check my workspace?",Thanks for contacting support. We will look into this and get back to you within the next 48 hours.,Provided general guidance and confirmed the issue was resolved.,29.08,0,neutral,4,0,android,APAC
TCKT_000994,2022-03-14T15:46:49,CUST_06340,enterprise,chat,billing,bug,medium,in_progress,gold,The billing feature is not saving my changes.,Thanks for reporting this bug. Our team is reviewing this and will follow up within 24 hours.,,,0,very_positive,5,0,web,NA
TCKT_000995,2024-06-17T02:34:16,CUST_08601,non_profit,chat,api_integration,how_to,medium,in_progress,platinum,Can you explain how to configure api integration properly?,Happy to help with your question. Our team is reviewing this and will follow up within 24 hours.,,,0,neutral,3,0,web,NA
TCKT_000996,2025-07-23T14:08:31,CUST_00667,non_profit,chat,analytics_dashboard,feature_request,medium,on_hold,gold,It would be great to have analytics dashboard support in your product.,Thanks for your feature suggestion. Our team is reviewing this and will follow up within 24 hours.,,,0,positive,4,0,android,APAC
TCKT_000997,2022-03-10T01:44:28,CUST_05230,enterprise,web_form,data_export,how_to,low,resolved,gold,Can you explain how to configure data export properly?,Happy to help with your question. We will look into this and get back to you within the next 48 hours.,Provided step-by-step instructions and relevant documentation.,33.72,0,positive,4,0,desktop_app,APAC
TCKT_000998,2025-03-11T12:02:27,CUST_07763,education,phone_transcript,mobile_app,feature_request,urgent,in_progress,standard,It would be great to have mobile app support in your product.,Thanks for your feature suggestion. This has been escalated to our on-call team for immediate attention.,,,0,positive,5,0,ios,NA
TCKT_000999,2023-11-03T03:50:23,CUST_08915,education,web_form,mobile_app,bug,low,in_progress,standard,I am seeing an error message when I click on mobile app.,Thanks for reporting this bug. We will look into this and get back to you within the next 48 hours.,,,0,negative,2,1,ios,EU
